label,review
1,很快，好吃，味道足，量大
1,没有送水没有送水没有送水
1,方便，快捷，味道可口，快递给力
1,经过上次晚了2小时，这次超级快，20分钟就送到了……
1,量大，好吃，每次点的都够吃两次
1,挺辣的，吃着还可以吧
1,味道好，送餐快，分量足
1,特别好吃，量特大，而且送餐特别快，特别特别棒
1,很方便，很快就送到了。棒
1,好吃，总点，这么多够五个人吃。送的很快。
1,"送餐特别快,态度好,非常感谢"
1,味道不错，份量很足，建议都点小份。红薯超好吃就是太烂了容易碎
1,非常好吃，味道也很香，推荐！
1,挺不错的！
1,鱼豆腐有异味儿，有点腻。
1,东西还可以，但是没有在店里吃的好吃
1,"很香,很好吃"
1,"很好,送餐员也很好"
1,一个小时送到的，很好吃，但是点了平菇怎么没给
1,炒饭有点儿油，不过菜还是很好的
1,量很多，就是尖椒豆腐皮的味道差点，不是尖椒，是大海椒，一点辣味都没有呢！
1,不错啊很好吃哦！送的好快态度很好
1,不错，好吃，两个人没吃完，还会光顾！
1,空心菜份量少了点，汤不错
1,口味不错服务态度好感谢你们
1,好服务，就是习惯百度外卖的快速
1,口感好其他的不能比我喜欢
1,不错啊。快递很快，奶茶也还行。
1,送餐很快，这么冷的天气辛苦了
1,在这样寒冷大风的天气里，等了一下午的奶茶终于到了，已经从热的变成凉的了。但仍感谢骑士的敬业精神！
1,"大风天,不容易,非常好"
1,"喝了好几年快乐柠檬,第一次喝曲奇奶茶,个人觉得不好喝,本人还是更喜欢茶类冰饮,给配送员赞一个,大冬天的"
1,送餐很快，这么冷的天辛苦了
1,大哥很热情！不错!好评
1,大满贯奶茶！超大杯！
1,"非常好,相当棒,很快，味道好好"
1,"一直很喜欢他家的东西,味好,便宜"
1,不错不错，快递师傅也给力
1,"送货态度非常好，提前了20多分钟，送得非常快，百度配送，靠谱！,奶茶一如既往的好喝，棒棒哒～"
1,嘿嘿把不错不错吧吧吧吧吧
1,好好好！赞赞赞！态度好速度快！
1,师傅人很好，服务很好，送得快~好评
1,就是配送大哥忘记给我拿吸管了⋯⋯其他都很棒。
1,太赞了我家没电梯还能送这么快好感动
1,菠萝冻过甜，柠檬冰冻也不太好，但大满贯一如既往的好
1,"挺好的,辛苦了"
1,喜欢。明天还会点。！！
1,超级好喝，快递小哥非常给力。
1,好喝哦，但今晚我们作死点的无糖，感觉好酸，友情提示减肥的朋友点半糖
1,送餐员态度很好！辛苦啦！奶茶味道棒，谁让我是个奶茶控几乎天天喝…
1,好喝！味道超赞！送餐员也很准时！
1,很不错，速度也很快。
1,大冷天的，快递小哥跟热情，准时，辛苦辛苦，很感谢
1,都好喝。烤珍珠尤其好喝
1,美味，及时，经常订，希望优惠力度再大些
1,"快递员态度好,速度也很快"
1,大冷天的，送餐员辛苦了
1,几乎每天都喝！…………
1,奶茶超级好喝，喝了好多次了
1,他家的奶茶超级好喝。。。
1,超级好喝的奶茶。。。
1,速度很快，唯一不足就是第一次下单莫名的失败了。。。
1,奶茶很好喝，快递小哥也超给力！赞一个，辛苦了。
1,"有效率,非常好"
1,超快！服务好热情
1,❀⚘送༵来༵不༵是༵很༵凉༵了༵但༵味༵道༵还༵是༵不༵错༵的༵⚘❀
1,几乎天天都喝
1,奶茶很好喝，快递员也特别好
1,"师傅相当神速啊,好评！"
1,速度很快哟，女儿的岩盐芝士可可有点咸哈哈，我的的大满贯还是比较赞滴！
1,每天都会买上几杯，快递非常棒
1,一如既往的好
1,超级超级好
1,好喝～不用去外面买了～
1,挺快的，好
1,谢谢外送人员。在雨天的家里还能喝到快乐柠檬
1,挺好的！下次还定！辛苦送餐小哥
1,送餐小哥真快，菜也很好吃
1,态度很好，效率很高，给十分赞
1,每次量都很足哈！超级赞，好吃
1,服务热情，送餐高效，很满意
1,味道不错，挺讲究的，私房豆腐很好吃
1,"百度外卖，赞。,菜不错就是请注意包装。"
1,那个汤的味道是真心的接受不了，其他的还好，味道比较不错。
1,不很好吃，微辣就是一点都不辣
1,少一盒米饭，只送了三盒米饭，我要了四盒
1,味道很好，服务很快，值得拥有
1,味道很好，可惜吉野家的量一直不太多
1,到的时候饭饭热乎的呢！又快又好，大冷天的真辛苦，感谢！
1,服务和味道都是不错的
1,外卖小哥送的很及时，服务态度很好。给个赞！
1,配送很快，师傅态度很赞。非常感谢百度外卖！
1,快递员辛苦了，菜品也不错
1,送餐的哥哥好快呀，态度超好，这大冷天的真是辛苦了
1,味道很好，米饭软硬也刚刚好。
1,"特别快,感觉定完没几分钟就来了,送餐小哥很细心,赞一个"
1,送餐小哥很不错，很有礼貌啊！
1,挺好，速度快
1,好吃，好吃，好吃，重要的事情说三遍。
1,不错的一家小店噢，以后会经常光顾的，推荐黄焖鸡～
1,"非常好吃,量也大,送餐小哥工作认真负责,棒棒哒~"
1,送餐员王昭晖很努力，态度很好，好评
1,小哥态度特别好。东西也不错
1,非常不错！！！味道很好，很快
1,味道蛮好的，鸡蛋煎成了花的形状好可爱
1,送餐小哥好帅好帅！！他说希望给好评那就一定是好评好评！！
1,虽然第一次少发了，联系了店家又马上补了一份，很好
1,很满意。味道好好，量还足。送餐好快，谢谢百度外卖的送餐师傅。
1,快递小哥很帅，很可爱，饭也很好吃！
1,送餐员态度点32个赞
1,很好，快递特别快快快。
1,米豆腐好吃，下饭啊～～
1,"百度外卖,送餐速度快,服务不错"
1,快递员很给力，很快就送到了，谢谢，辛苦啦快递员
1,不错，还挺好的。百度送餐员态度挺好的
1,服务特别好！！
1,很快，不过
1,态度好，菜味佳
1,骑士非常负责，谢谢您，辛苦
1,太爱吃了，经常定，速度特快
1,味道很正，速度超快，定过好几次了
1,大冷天的也真是辛苦送餐师傅了，谢谢您
1,超级聪明超级赞！！一万个好评，今天特别冷，送餐小哥辛苦了
1,一如既往的家乡味道！好
1,感谢骑士小哥，这么冷的天
1,送餐很快～师傅很好～面也好吃
1,经常来买，不多说了，
1,"很好,速度也很快,继续努力～～"
1,配送很快，态度很好，五星好评
1,好吃，速度也很快！分量刚好
1,豆皮还挺好吃的，热干面也还行
1,师傅很好，辛苦啦，这么冷的天
1,美团不能送，果断换百度，很快就到了，师傅辛苦，谢谢。
1,太快了！！简直是神速啊！！！
1,天气不好，辛苦送餐员了
1,挺好的。配送服务也很好，辛苦了。
1,来的时候汤洒了！面好吃.牛肉最好在炖的烂一点.
1,他家不错，挺干净的，小吃还行，就是量少～
1,这次送餐超快，好评，好评，好评
1,好快！配送员特别好～还送了果冻哟
1,"百度骑士,非常好,！"
1,速度快………………棒棒的
1,"好吃！味道够又不特别咸特别辣,稍微有点油,米酒也好喝不太甜刚刚好,豆腐很软海带少了点,快递小哥速度快态度也好"
1,"送餐很快,味道很好"
1,稍微有点腻'其他还好
1,妈的连着两天没有筷子！！！百度外卖你们搞毛线！！！7，8个人的面。你让我们用手抓！？？？？？？？
1,蛮好，面稍微有点硬。
1,"肯德基,都是一样的,没什么区别"
1,非常快，送餐师傅辛苦了，很好！
1,很不错，服务非常好，很认真
1,猪肉堡里的酱流的哪哪都是，除此以外还算满意，以后不点猪肉堡了
1,"送餐师傅很快,可是菜品一般,感觉都不新鲜"
1,送餐准时，服务到位，非常好。
1,送餐相当的快，方便乐很多
1,很快很好～
1,为什么圣代没有勺子？
1,很快，服务很好
1,非常快。非常好。
1,外卖的吮指原味鸡盒，意外的不好吃，没腌透的感觉。
1,超级快……
1,店里员工态度非常好，送得也快，还会光顾
1,速度品质都很好
1,kfc送餐很及时，味道当然和其他kfc一样，但是百度的客服很不错
1,好速度啊！宇宙卷饼棒棒的！谢谢骑士
1,晚了半小时左右吧……不过最近这么冷还是辛苦了，估计大家都不想出门吧。超级好吃！推荐！
1,"很不错的一次,下次还会到这买"
1,"非常准确,送餐员一百个赞"
1,非常满意！！！
1,"粥里有头发,就没吃,剩下都好吃"
1,送的挺快的，稍微有点腻
1,稍有点贵哈～其他的不错！
1,菜量很足，一个人吃一个卷饼一碗粥压力很大……包装袋不错
1,配送时间稍微晚了几分钟，但没关系，送餐的叔叔人很好，卷饼用锡纸包装，同事还以为是韩国快餐店的紫菜包饭，饼皮很筋斗，香菇鸡肉的夹料也很足，盒饭里面菜少了一些，但味道还不错。一个中号卷饼配一个盒饭，我觉得正好，
1,香香哒粥～～～喝完暖暖哒～～～美味哒卷卷～～～还有美味哒菜与饭～～～好吃！！！
1,"有点肥⋯⋯有点腻,味道还算可以吧"
1,皮蛋瘦肉粥味道太淡了……
1,不错不错，速度很快
1,很喜欢卖家的包装，下次还会来的
1,"干净,满意,来了好多次了"
1,请务必给送餐小哥涨工资
1,确实不错，肘子的比较好吃
1,帮同事订的，很好！
1,"好吃诶,好大一根卷饼,好多肉,真划算,下次还点,辛苦师傅了"
1,一开始给送错了，要的肘子，给的蔬菜，不过还好，售后做的不错，又给补送了一份，不管味道好不好，起码态度不错，所以必须给个好评！！
1,送餐速度很快，饼很好吃
1,东西还是一如既往好，只是不知道这次什么原因很慢
1,味道好，速度快，不错。
1,肘子肉的很好，素的基本没有菜，只放了酱。送货速度还可以。不到一小时就到了。
1,味道还不错，比想象中小......感觉不是很值
1,超级美味！而且简直神速！
1,已经养成习惯在他们家订饭
1,特别棒，就是距离我们有点远
1,魚香油太多，有點不好收拾
1,"喜欢吃,但是量少"
1,好！希望一直这么好
1,"慢,一次比一次慢,再也不定了"
1,这真的是皮蛋瘦肉粥么？！好失望...
1,明明说了不要辣...好辣...
1,非常好！！！
1,希望下次不是2个小时才送到
1,很好吃，面皮特别有嚼劲儿，酱料也很好吃
1,味道不错，就是好辣啊！把辣椒拿出去又觉得有点腻，能吃辣的可以试试看！
1,很好吃，总爱点他家的饭当工作餐。
1,送餐员辛苦了！
1,"我想说我的皮蛋瘦肉粥呢,就光把卷饼送来了,粥呢？"
1,经常订他家的卷饼吃
1,味道有点怪，可能个人原因，不爱吃
1,送的超级快~~~京酱肉丝卷好好吃
1,速度太快了。。。定的12点11点17就到了
1,吃完感觉不舒服，油是不是不好？
1,喜欢宇宙卷饼，送餐也很快，很划算
1,喜欢宇宙卷饼，送餐也很快，就是凉了没有那么好吃了
1,好吃，包装好，干净卫生
1,送的好慢啊
1,"包装超好,饼也很实惠！"
1,挺快的好吃
1,一如既往的的快，好吃。。。。真棒
1,中份感觉男生吃不饱
1,"一直很好的卷饼，但是这次拿到餐就觉得纸袋下面湿的，打开包装发现里面粥是倒的……,粥撒了……"
1,包装很好，很干净
1,不错！虽然量有点少，但是很干净卫生
1,味道还是很不错！！速度也还行，包装很不错！
1,还不错，量挺大。
1,不是高峰期订餐，还是很快滴！
1,粥木有勺子
1,第三次点了，送餐小哥这次送的很快，好像是店里的人，终于不是达达了，味道还是那么棒，希望每次都这么快，加油，好评
1,能感觉到店家非常在乎客户的意见，赞一个。
1,好吃有点慢
1,"挺好的,味道和服务都不错"
1,超级快！二十分钟就到了！味道不错
1,可能是第一次来，送的比较慢，还好。
1,"纯蔬菜的有些不顶饱,建议要肉的卷卷"
1,包装好漂亮！
1,里面加肉的有些腻，下次尝尝土豆丝的~~但是超级好吃~~
1,宇宙卷饼，不是盖的
1,很快很不错
1,粥漏了又给送了个，很不错
1,味道不错，就是送晚了半个多小时
1,很满意，味道好，量也多
1,味道好，香，量也不少
1,好吃到停不下来...好评！！！
1,"不错,满意"
1,"一般,不是特别好吃"
1,准时，好吃～
1,外送员打了5次电话，问地址！真是无语
1,鱼香肉丝饭和肘子卷不错价格便宜
1,不错很好吃
1,"味道和以前一样的,棒棒。"
1,很好，本次也很快
1,嗯，还不错。
1,不错，喜欢
1,很好吃，挺实惠的，女生买中号就行了！大号太大
1,乌龙的送餐事件！饭很好吃！老板也积极解决了！会继续光临！
1,很棒，未来一个月午饭就交给你们了。
1,送来的晚了点，味道还是很赞！
1,送的很快，味道不错，不咸
1,"很好吃,超值"
1,师傅很辛苦啊，找了一个小时才找到地儿，结果已经到下午了，吃不了了。辛苦师傅了
1,味道不错～～～从订餐到吃～～～服务也得周到超赞！！
1,今天送的太晚了！等了120分钟从来没有过的。餐饮还是很美味的。希望以后提高下送餐速度。
1,第一次买，送餐师父很好，而且能看的出真是用心做的，太喜欢包装的那句话了，加油
1,"送餐师傅帅爆了,赛晓明超霆锋"
1,一般，说实话没有我自己做的好吃好评吧
1,量大很足很不错
1,还可以就是送餐速度有点慢
1,整体口味偏淡
1,卷饼很实惠，粥里没糖
1,东西好吃，送餐人员服务很好
1,好吃，就是味道有点偏淡。
1,好评！外卖袋子很不错哦~
1,很不错，送餐很准时
1,"吃着有一点臭臭的味道,难道是就这个味道么……吃着挺好吃的"
1,不错，非常好
1,"难吃,难吃,难吃。凉了,凉了"
1,一如既往，好！非常满意！谢谢商家哦！
1,提醒之后确实没放我不爱吃的东西....良心推荐
1,额，卷饼好吃⊙▽⊙，但是送餐速度←_←的确有像向宇宙来的
1,味道还不错，比较实惠
1,非常美味可口，还会再来！
1,好吃，撑！
1,这次很快，不错，赞了！
1,味道一般。没有想象的好吃。
1,送的太快了！简直惊喜！作为加班饭，受到好评一片
1,卷饼不太好吃哦
1,味道很好，用料很实在
1,味道不错，还会再来！
1,习惯好评，但今天的卷饼菜太少了，皮感觉有点厚了
1,希望很快送到就好了
1,"很好吃,棒,就是有点肥肉"
1,这次好快！
1,食物干净，包装不错，有点品牌，可以
1,味道不错，出去吹风的时候正好碰上外卖小哥。
1,低价，速度快，味道好、服务好。
1,特别棒，煎饼很好吃。
1,高度评价！
1,挺不错的，很快
1,"帅,够快,对我胃口"
1,饼感觉是豆子做的，有股豆香味。很贴心有手套，就是肘子的肥肉块稍微有点大，瘦肉和肥肉分开了吃起来稍微有点腻。建议下次把肘子切成片吧
1,送餐速度还可以，饼很好吃
1,很好，送餐也及时。
1,"包装很棒,可惜味道偏甜不合口味"
1,好吃，希望商家保持
1,量多味美，送餐大叔还给送上楼了，以后还来，好评
1,"特别实惠,一个都吃不了,在线支付优惠大大的"
1,估计是太远，不过味道倒是令人惊喜啊
1,这个好吃，大赞
1,卷饼里的菜还不错，但是饼有点干
1,提前送达，味道不错，再接再厉！
1,速度快，又好吃。
1,"很好,就是送货太慢"
1,肉好少，不过只花了四块钱，也不能期待什么
1,送的慢了点
1,"非常满意的餐品,玩了几分钟还是情有可原的。快递小哥辛苦了下雨天不容易"
1,感觉没有外婆家卷饼好吃
1,发货速度较慢
1,总体来说，不错，最起码价格便宜，花了四块钱，吃了一个肘子肉卷饼
1,"便宜实惠,好吃不贵"
1,感觉这是最赞的一次外卖
1,卷饼味道不错，粥口感好，分量足
1,整体不辣，粥的味道也可以，料很足
1,评论晚了，不好意思哒，32个赞
1,不错，挺快的
1,第一次吃宇宙卷饼，好吃~
1,饭提前到了，而且还弄漏了真是的
1,这次挺好的
1,好吃，不过粥不好喝
1,送餐有够慢，说是一个小时，结果快两个小时才到，我总觉得是商家一个小时才出餐，送餐时间也长
1,很好～不错
1,不错，很好！！！
1,配送的太太太慢了，催单根本没用，餐厅电话打不通！
1,好吃不贵还可以送到楼上，绝对好评
1,粥一般，卷饼不错
1,"味道一如既往的好,就是粥碗变小了,米也少了说好11:15送达,结果12:30左右才收到"
1,味道还不错啦。
1,确实挺好吃！就是送的有点儿慢！
1,稍微慢了一点，不过老板态度很好。支持
1,很好吃，就是提前送啦
1,排骨不错！
1,送餐大叔文质彬彬的：）拯救了快饿死的我。中午赌气没吃饭忍不住点了卷饼，吃一口，整个人都活了过来呀！
1,还好吧。饼的口味差点儿
1,还可以哦，下次会再来的
1,"NextDay推：“浮生若梦，恋恋风尘.人生总是一日难，一日佳.”,-,端午快乐！"
1,送的挺快，就是加多宝变成可口可乐了→_→
1,有点偏甜。。
1,"东西真的非常好吃,鸡肉的那个,下次还吃"
1,锡纸包装很好，但是今天的卷饼里面有不锈钢丝。
1,半个小时就到了~而且很值喔~
1,好吃，清淡不油腻
1,送的挺快的，然而并没有想象中的那么好吃
1,不错～很好！！点了两份，中午下午都有了～
1,很快就送来了，棒棒哒，满意。
1,"超级好,喜欢,送的还很快,喜欢上百度外卖了,啊啊,不要胖啊"
1,微辣，还不错
1,味道不错，还实惠
1,点少了，没吃饱，哈哈！不错！
1,吃起来还不错
1,看之前的评价都说特别慢，想尝试一下10点15就下单了，结果11点就送到了，惊喜啊～卷饼味道不错，很多肉，好评～同事都说下次也要订一个试试。希望一直这么给力
1,我这人很少打5星
1,有點慢呀…
1,每种口味都喜欢
1,好吃，希望速度加快
1,好吃，荤素比例很好
1,已经点过很多次了，每次都还挺好的，速度快，菜量足，能吃饱，全满分好评！！！
1,"不错，常客了，肘子的好吃,送货也快"
1,量小，建议饭量大的吃3份卷饼，味道还是很赞的
1,面皮好吃。
1,还不错还不错还不错
1,速度很快，很喜欢吃适合女生口味的
1,"鱼香肉丝卷味道不错,南瓜粥还行"
1,百度外卖不错，
1,不如卷饼好吃
1,味道不错，口味偏甜
1,里面有蘑菇。总体不错啦
1,味道真不错
1,鸡肉的加了酱汁，味道更好。送餐小哥态度也超级棒。全五分！
1,嘿嘿，第一家按照我选的时间送餐。好吃不贵，赞
1,非常好，一元吃上高端卷饼，太霸气
1,纸袋包装，好高大上的感觉。分量一个女生吃正合适。味道也不错。第一次点没经验，下次会搭配汤品一起
1,下了两单，第二单慢了点，味道还是不错的
1,很快。就是粥有些凉。。外送服务很好哦
1,味道还行，量不大够。
1,超级好吃，特别喜欢肘子卷饼～量的话一个够女生吃，男人不够～
1,撑死我了。就是土豆肉丝没见到肉啊。
1,全五星好评，好吃啊
1,不好吃，没有其他地方店面做的好吃，鸡腿肉的酱太少了，特别干，一点都不好吃！
1,包装很牛逼啊，挺好吃的，份量也可以，但是想吃饱的话最好配一个其他的东西。
1,很好吃~~！！
1,送餐超级快，当然也是我定的早~可惜拌菜的没有炒菜的好吃…
1,不错，味道很好
1,"找不着地儿啊,那个大哥"
1,我天。。。速度太慢了。。。十点半下的单，十二点半才送到，艾玛
1,今天来的很快，赞一个。
1,两个能吃饱，但锡纸包得不合理，很容易咽下去！
1,大哥赶紧给我送饭吧，我都等了一个多小时了。
1,"又好吃,又准时"
1,挺好的，粥碗破了，粥全洒了，和客服说后立马补送了
1,包装很好，味道也还可以，就是名字太俗
1,"土豆肉丝卷有妈妈的味道,而且今天送餐还很快,大赞"
1,味道和包装都不错
1,包装高大上，味道不错
1,饭很好吃，不过送餐速度真的很慢，我等了三个小时，疯了
1,很不错哦包装很好
1,味道好，干净，包装精致
1,"送餐速度快到令人吃惊,10分钟！！！"
1,"好吃,不错"
1,量少，味道不错，微贵
1,挺不错的~
1,送餐有点慢
1,好吃！送餐时间准！赞！
1,包装好好，还用铝纸包装的，
1,粥有些腥，饼有点腻
1,非常好！包装！和味道！快递也很赞，EMS能这么快，哈哈
1,卷饼到处流油，从锡纸里剥出来也很麻烦
1,经常订餐非常好吃，还很干净。
1,好吃，速度也快
1,用料十足，很好吃！
1,非常快，没有肉，估计是不在正餐时间的原因
1,很好吃，谢谢
1,东西还不错，但是送餐速度太慢了，不能按时送达，第二单两个多小时了，还没有到，这速度真是醉了
1,送得太慢了～味道很好
1,就是太慢了，对方送错地方了，无语
1,面皮感觉是生的？？怎么理解这个软趴趴的口感？里面挺辣的，味道给个个人不喜欢，牛肉咬不动直接咽下去，蔬菜是一些豆芽
1,"好实在的卷饼,够值"
1,"好吃,干净,肘子的肥肉也不腻。百度活动给力,一百分"
1,还不错、不过还是喜欢可口可乐
1,不错呢。。
1,非常好吃！！！！推荐推荐！！包装也特别好！
1,很好吃很实惠～但有点不够吃，要是加送点当主食的饼就好了～
1,这次晚了一个小时……我也是醉了
1,宇宙卷饼非常棒
1,被骗了感觉，就一个卷饼，特别小，但还好送了可乐啥的，。
1,送来的时候粥撒了…不过小哥很帅跟客气…
1,送来都凉了
1,送餐及时，包装看起来高大上
1,希望以后把肉切碎一点，块有点大不好咬
1,不错，配送人员很负责，时间准时一点就更好了
1,价格实惠，味道不错。
1,肘子挺好吃～
1,很好吃，在线支付很值
1,送餐很及时，卷饼好吃，量大～
1,"没有想象中好吃,没味道,可能,鱼香好吃点"
1,味道不错，送餐快
1,好吃，干净
1,"相对而言,很好了"
1,油都漏出来了…而且跟之前吃的不一样，，豆芽太多了…
1,"还行吧,，味道个人不是很喜欢，一般般吧"
1,非常不错，挺好吃的，物美价廉！！
1,好多肉啊，又便宜，很不错哦
1,送餐太快！也是一种错
1,不错。继续努力。
1,卷饼不错，量足！就是肉太柴了。
1,"包装不错,味道也不错"
1,"送得慢。。下午一兩點定的也等了一個多小時,不過味道真的不錯,包裝的看起來很貼心！正能量卷餅~"
1,皮蛋瘦肉粥很糊弄啊
1,做得很不错，味道，也很好，要的鸡腿卷饼，要是鸡腿能把鸡皮去掉就更好了。
1,非常棒，量小点，胃口大的不够。
1,n南瓜粥不够甜，卷饼很好吃，饮料有点小，包装很干净，卫生不错，送餐准时
1,"本单由,百度,配送并提供售后服务"
1,肉很足，很香。中份的量也很大，足够吃了。不爱吃肉的慎点，肉多的吃得有点恶心了
1,"送达时间非常准时,味道不错"
1,送餐包装很不错，而且送餐很快很及时。要了肘子卷饼和南瓜粥。卷饼味道不错就是尖椒偏多，如果是黄瓜之类的觉得更好。粥有一点凉了，总体很赞！
1,菜不错，但送的实在太慢了……
1,好吃好吃赞赞！
1,"口味很不错,分量也很足"
1,有史以来最好吃的卷饼！我决定明天再点一份！不然对不起这卷饼啦！耶！
1,准时，味道也好
1,"不错，第一次订外卖，怕送迟了，特意订11点的，结果十点多就到了，这下放心了，以后订12点的时间！,强烈要求老板给送外卖的大哥加薪，外卖大哥真不错，真心好！下次还来"
1,就是一点凉了
1,味道还可以，就是稍微淡点，要在咸点就好了。
1,太特么牛逼了，全是肉，卧槽！
1,"味道不错,送的挺快"
1,赞宇宙卷饼的送餐速度，感谢~
1,"口味适合比较清淡的人,南瓜粥还好,就是没放糖,喜欢甜的需要和卖家说"
1,"赞赞赞,好好好,以后还来"
1,"很好吃,送餐的很冷"
1,全是肉啊。
1,口味不错，送餐特别快
1,菜有点少，饼有点干
1,特别快!味道也好
1,包装用心，肘子卷饼肉超多，就是有点干，下次点个菜的。
1,很好喜欢极力推荐噢
1,很好很喜欢送餐的小美女态度很好
1,色香味俱全，不错不错好吃好吃！！！
1,味道不错……
1,蔬菜卷里全是土豆丝。。。相当于粮食，放很多绿叶蔬菜不是更符合蔬菜卷的名号吗？京酱肉丝一如既往的好吃。如果能吃肉之外摄入真正的蔬菜就好了
1,把上次少送的给补上了，还给了小惊喜，很上心。
1,很快味道很好
1,经常吃他家的饭，很不错，超值
1,啊我点了这么多次吗
1,这个卷饼的套餐配的很好，没有粥来冲淡一下的话，就又甜又咸又腻
1,很好吃，就是第一次吃，不知道吃法，好尴尬
1,"好吃,就是每次粥送来都有点凉"
1,还好吧。肉倒是挺足的，就是皮儿有点干。皮蛋瘦肉粥好喝，但是碗送来的时候裂开了，很多都漏了，可惜。
1,超级好吃！！喜欢！
1,非常非常好~~~
1,不是自己吃的。。不过应该很好吃吧。。不然朋友也不会经常订这个啦~~
1,便宜，实惠
1,送餐很及时，口味很好，用料很实在，已经买过多次了，以后还会买！
1,很实在，包装也不错
1,货真价值的肘子卷饼，味道很赞，就是饭点送餐慢了点，可接受
1,送餐很快，而且百度的减8元很给力
1,找到了吃驴肉火烧的感觉
1,味道比以前有改善！
1,"very,good~!,只是忘记点套餐了,,哈哈"
1,挺好哈的，大冷天的，挺快的，还热乎着。
1,"很不错,还放了芝士,棒"
1,很好吃，送餐速度非常快
1,"土豆泥量够大,吃了半份快饱了,披萨芝士够足"
1,"天气不好,非常感谢,还是热的,好评！"
1,"第二次吃了,很好,送餐也很快态度非常好"
1,味道挺好的，在这要着重表扬送餐大叔，不但速度快，态度还特好好。
1,上次说错了，培根味道一般、美式密肉的好吃，真的鲜榨果汁！
1,味道超级棒！鲜香培根的好吃、料也足！炸鸡也都是鸡翅而且个头很大！大赞！
1,好！虽然很小，但是很好吃。送的也快
1,配送大哥很热情，东西很好吃
1,味道很像必胜客的味道，外送也很专业
1,连续几天点这家外卖，味道很良心
1,不错，就是披萨有些小
1,酱爆鸡丁的量太少了！
1,已是他家老客户，味道正宗，饺子料包齐全，以后最好能出台一个单份饺子套餐更好
1,每次点餐就是图快～店家每次都很快～味道还可以，但豆豉鲮鱼油麦菜居然是辣的，吃的有点辛苦！
1,挺不错的，每个饺子一个格子放的很方便不会黏在一起
1,等了很久，派送员非常有耐心也很有礼貌
1,感谢骑士师傅，辛苦了！回家路上定了餐，到家没多久就收到了！赞
1,虾仁口感不好，但是整体味道不错，只是口感，但这个价位，也理解了。
1,包装不错，干净卫生，
1,送餐师傅服务超好！满意！
1,漏了这次的评价，真心赞，非常非常棒
1,多次购买了，商家很快～快递也很好！
1,点的饺子非常好吃，送餐也很快。
1,连着几天吃不腻，赞店家的诚信经营理念，分量还是足足的，味道还是那个味儿，这次的骑士哥赞一下，还是住附近的，很高兴选择了这家美食，订餐那么多天，从没有超过三次的，吃得满意，吃得放心
1,到家进门在百度外卖订餐，一会儿功夫，送货员就送到了热腾腾的饺子，大风下雨的天气，饺子就酒，太美啦
1,量大味道不错，配送相当快
1,羊肉稍微有点干，其它还好
1,米饭好丰满，吃不了，超实惠
1,送餐挺快的。以前没吃过这家的菜，今天是第一次吃。鱼香肉丝跟图片不太一样，放了好多青椒和胡萝卜，不是我想要的味道。宫爆鸡丁味道有点淡。干煸豆角味道还不错！
1,速度非常快，很好很好
1,我的最爱枣花酥，包装非常好，一点都没有碎。。味道一如既往的好
1,配送速度非常快！好评！
1,"小哥超快,东西包装很好,好吃,好评"
1,百度小哥速度超快提前半小时到，非常感谢，这么冷的天真是不容易，再次感谢
1,快递师傅特别好～等了我10分钟
1,"快递小哥很赞,这么冷的天辛苦了"
1,神速，继续支持。！！！
1,包装很精细，送货很快，送货员态度超好的
1,送货小哥儿超级赞，萌萌哒，送货巨快！
1,"真心不错,还挺快喔,嘻嘻"
1,送货真的很快。。。。。
1,果汁很细腻，搭配起来口感超级赞
1,"送货时间很快,骑士很棒,菜也好吃,五星级服务"
1,花卷不错，汤也挺好的，送货快
1,"手工花卷真的是不错,有小时候的味道"
1,花卷太好吃，每次都买很多。如果再增加一些粗粮就更好了。
1,很喜欢吃酸菜。汤也很鲜。。。
1,非常好，外卖大哥谢谢啦！
1,非常好非常好非常好～
1,炸酱面有点坨了。。干煸豆角一如既往的好
1,青城饭菜很好，配送服务也快！
1,送餐很快，菜很好，羊杂味道不错
1,菜不错！百度骑士辛苦！
1,准时！百度骑士辛苦！菜不错！美味！
1,"鸡翅很好吃,速度一般,但是送过来还是热的,好评一发"
1,速度很快，外送员辛苦了
1,送花好快，没有凉，薯条有些过火，其他的好吃
1,送餐员态度很好，速度也快。菜品味道好。
1,披萨很好，值得推荐，性价比很高，跟店里一样
1,站点特色比萨，辣味特色薯条，口感都很棒！
1,"非常好,赞一个,下次还订"
1,又快又好棒呆了哈哈哈哈哈哈哈
1,非常好非常好非常好送的快，态度好！
1,商家因为某个东西售完直接取消了订单，就不能提前打个电话么，白等了半小时。
1,雾霾爆表。快递辛苦啦
1,披萨很不错，薯条放久了没在店里的好吃
1,饼边走点硬，味道还不错，希望下次改进。
1,送餐员非常负责，及时确认订单中特别叮嘱事项！很专业，很用心
1,"为何没有发票,为何不开发票"
1,超快超靠谱，辛苦小哥了
1,送餐这个百度骑士人真好，我生病躺在床上，七岁儿子开门拿，他还提醒孩子別烫着，关好门。赞一个
1,买了两份馅饼只给了一份，也没解释为啥也没退钱
1,特别幸苦，特别感谢！
1,送餐员非常到位，速度也很快，到时餐还是热的。馅饼超好吃，炒饭也不错，就是有点淡，也许是我口味重吧。
1,还行吧，素炒饼咸了，什锦炒饭淡了，醋溜木须油大了
1,快递员态度好，送餐快，总之都很好。
1,天气不好，师傅辛苦了
1,送餐非常快
1,吃不了羊肉要了十个烤尖椒很好吃
1,味道非常好，原材料很好！
1,"牛肉咬不动,其他味道很好喔"
1,菜量很大，满满当当的，味道也还不错。
1,送餐快，阿田大虾一如既往的好吃
1,"送来的时候还超级热,馒头片还脆脆的,味道也还不错,包装时候汤汁和食材是分开的,一点都没撒,不错不错"
1,商家真的很在意备注留言，米饭给的很多，不要辣椒一点辣椒都没放。小黄鱼也没给炸干。就是觉得这次油不太好
1,"骑士配送很快,下次继续"
1,味道真不错，送餐师傅辛苦了，这大雾霾天气还很快的送来了美味，谢谢
1,原汁原味好吃好吃好吃
1,送货很快，最好吃的是牛蛙，鱼香肉丝的红萝卜太多了，能多点木耳就好了，其他都不错，谢谢～
1,麻辣香锅很地道，送餐及时，好评
1,味道不错，速度快，大雪天的，超级棒
1,太度很好送货及时！^_^
1,送餐速度超级快，第N次定了
1,送餐员服务很到位送餐速度很快，香锅也很好吃
1,"很好,配送快！"
1,送单快，就是路不熟。应该多跑跑
1,米饭一般，4块有点贵，小炒肉不错
1,"百度小哥太好了～速度极快～刚到楼下,我有货到,还帮我搬了两箱货,太赞了！太赞了！"
1,都很好，还有优惠的
1,味道不错，值得品尝！！！如果配送再快一些，那就完美了！
1,"昨晚十点半送到的，简直感动,多谢卖家"
1,送来时有些凉了，感觉缺少了一些香味。餐盒路上坏了，吃时面里的汤没有了。
1,味道不错，送餐员态度很亲切，非常快
1,"一盒撒了,小哥又去排队拿了一盒,棒棒哒"
1,"没有满减,不定了哼哼哼"
1,"是羊杂粉，一碗就饱了∠(,ᐛ,」∠)＿"
1,辛苦了，速度快~~~
1,快递小哥非得常快！
1,配送速度真的很快，怏送小弟很好
1,骑士送货速度太快了！非常感谢！儿子最爱吃稻香村的点心了，怎么也吃不够！真心不错！
1,好吃的点心就属稻香村了！骑士送货很快，服务热情！赞一个！
1,很好，百度骑士师傅很好，很快速的送到，大赞
1,很赞哟，小哥辛苦啦这么冷的天
1,没想到稻香村也能送！非常好
1,特别好的师傅，冒雨还送得非常快，感谢百度外卖的送货师傅们。
1,非常好，非常快！门牌号码没写都能送到，谢谢。
1,很热情速度快…哎哟不错哦
1,很好，很快，稻香村的东西就是好，百度骑士也很快很棒……
1,不到半个小时就送到了，超快
1,送餐小哥很给力，大赞。
1,师傅辛苦了，认真负责，找了半天
1,很满意，送的挺快，味道又好
1,送货速度很快
1,"特别快。比美团快多了。以后就百度啦,虽然少了份牛舌饼但是很快送过来了。挺好的"
1,挺速度的，有效率。
1,很快，还送了礼物
1,蛋糕美味，送来的速度超快。
1,我的午餐首选品牌…
1,"特别快,而且好吃"
1,送餐小哥十分热情，服务超赞，一定要表扬这个送餐小哥
1,焖面很好吃，速度也很快
1,快递小哥送餐快，煎饼味道也不错，好。
1,非常方便早餐到家。快递小哥很好。
1,超喜欢吃豆腐脑和煎饼
1,非常满意，送餐员态度很好
1,每一款都喜欢！太久没吃过油条了！赞赞赞！
1,"还可以,但是饼还是烙出来的好,这种摊出来的,面饼,黏黏糊糊,不如那个好吃"
1,又快又好！一如既往！！❤❤❤
1,都挺好的我很满意。。。
1,好吃，就是稍微有点凉了
1,还行，豆腐脑味道不行
1,"鸡柳这个挺实在的,就是炸的,略腻"
1,拉面吃到后面，感觉怪怪的
1,感觉有点辣，味道一般
1,还是黄家好吃，及第不喜欢。不过还是不错
1,我说辣一点是在凉面里。卷饼里的全部都是辣椒超级啦只有两片都是肥肉。啦的我喷火其他还好啦。吃了你家很多次了怎么能这样伤人心啊
1,买少了。没吃够。下次多要点。送过来薄脆还是脆的
1,团购超值，很方便，味道也不错，女生吃有点多
1,唔，为什么要滴皇家煎饼，却给滴薄脆煎饼哇。。。不应该是夹油条嘛，伤心
1,非常准时！！！鸡肉的很好吃
1,北京大雨，还能提前15分钟送到，煎饼豆浆豆腐脑还是温热的，很好，很感动，会继续回购
1,"价格太划算了,买了三个水果盒,一杯豆浆,两个煎饼,才¥28。食物好吃干净,水果新鲜,葡萄粒粒饱满结实,桂圆大粒,煎饼飘香。,这么大雨,大暴雨啊,真的很感动,谢谢送餐大哥,您辛苦了！！！"
1,煎饼是我吃过的最好吃的煎饼，大个，重要的是没有一点没糊，油条非常低油，感觉很健康，味道也很好。抄手很够味，但调料稍微偏咸。豆腐脑很赞！很实，卤汁很解渴。椒盐双菇也不错。
1,豆浆没有送，希望下次检查好再派送
1,超级好吃！又快！！
1,味道不错，很实惠
1,挺好吃的额，继续加油↖(^ω^)↗
1,味道不错，要是没有优惠，就太不值当了
1,"划算,优惠过的价格才对得起煎饼果子,味道也还行"
1,味道挺好的，南瓜羹量太少
1,比较好，非常准时
1,好吃，干净，包装绝对一流，好，，还便宜，。
1,酱有点儿多了
1,价格给力！
1,挺好的，很方便。
1,很给力！便宜好吃
1,味道不错，薄脆很脆～
1,煎饼很好吃！送餐很快！
1,不错，经常吃
1,第一次吃！很不错！
1,没有及第好吃，话说也太慢了，等了快俩小时。
1,"我感觉还不错哦,干净,卫生,就是那个双蘑菇量也有点太少了吧,就一小碗,不过好吃是真的,下次还会继续订,嘎嘎~"
1,鸡丝凉面太油了，豆腐脑超级好！一小时二十分钟送来
1,外卖的饼有点软了，不过送餐还是比较准时的，一般都在30到50分钟之间就能送到，今天的豆浆没有糊味，赞一个！
1,不错，挺准时
1,薏米水也很赞
1,没有在店里好吃
1,小菜很好吃。
1,恩还不错，就是订餐的时候系统匹配错误。打电话调节了一下，从新下单才订上
1,比上次强太多了，一直在进步
1,煎饼送到不脆了，鸡丝凉面味道还成，就是面太少
1,东西还是很好吃的，要是速度快点就无敌了
1,南瓜羹不错
1,"除了慢,其他ok"
1,很有创意的煎饼
1,冒雨送餐，感谢！
1,不错，还会购买。
1,希望下次尽量按时送，不要太早了
1,不错，吃一个就很饱
1,时间准。不错。儿子很喜欢。
1,"哎呀,超喜欢,都好吃,期待能有更多新品,更多选择"
1,好，爱吃夹油条的煎饼果子
1,煎饼口味偏淡，有点干，可以改进一下
1,拌面真心好吃，煎饼口味有点吃不惯
1,红油抄手贵，但味道确实不错
1,很好吃的煎饼！薄脆很脆～油条也不是很油！推荐～肉松的也很好吃！
1,还是有点吃不惯肉松煎饼，不过还是很好的
1,黄太吉一如既往的好吃，还得点近的地方
1,"煎饼好吃,外卖速度快"
1,"好实惠,都吃不完了"
1,煎饼还行，红油抄手好多油啊…
1,"特别棒,好吃"
1,真心好吃！！
1,早了，我不方便。然后让我等
1,送餐的大叔非常好
1,"之前不知道为什么取消我订单两次,这次打电话说80分钟能送到,问我能接受么,想吃煎饼就同意了,最后60分钟送到的,味道还行,送来的时候,薄脆还比较脆,就是煎饼里放了辣酱,稍微有点儿辣"
1,快递大哥态度很好，送餐也快。味道不错
1,送饭很快，态度很好，赞，
1,回锅肉分量很足！很不错！
1,速度超快。服务好，超预期。
1,大雪天，很快送到了，态度很好。百度骑士很专业！
1,"回家路上下单,到家一会儿就送到了,大晚上的,谢谢百度骑士,饭味道好,就是感觉好像放味精多了,饭店的饭都放,没办法"
1,"真快,味很好,也很方便"
1,以后再来就只点粥喝口……
1,就在家附近，以前总去吃，可是近两三个月以来菜品没有以前好吃了，大拌菜拌苦菊一类的菜总是很甜，估计是商家为了省事就放在糖水里泡着，炒菜用的油也没以前好了，我老公胃敏感，能吃出来，油不好他会胃疼的，估计价格亲民后成本太高商家就开始糊弄事儿了，现在基本不爱来这里了，宁愿绕道去上品粥面，店员服务也没以前那么好了…好的东西贵在坚持，希望商家有心能懂这些，哪怕提升价格也别降低质量，否则日久天长损失的还是自己
1,"很好,速度快"
1,点饺子不给拿醋
1,速度很快，不错啊
1,菜挺好的，就是太慢，一个多小时才到
1,骑士很好！非常负责任，所有的骑士都可以像这个骑士一样就太好了
1,师傅服务好送货快，性价比超高
1,服务态度很好，服务态度很好
1,饭菜质量很好，服务好。送饭速度快。
1,今天天气很冷，送餐师傅辛苦啦
1,姜蓉鸡，新菜，味道也不错。
1,速度快，质量高，很好
1,很好吃，货真价实。送货快。
1,送货人员服务很好，迅速及时，菜品口味很好
1,很准时，味道不错，不过还是没有现场吃好吃……送餐师傅辛苦了！
1,送单很快，菜也不错赞
1,不油腻，好吃。陪米饭
1,速度超快！口感超赞！
1,"送的很快,大冷天,送餐员辛苦啦,喜欢湄州东坡的菜,四季豆有点少"
1,味道不错，服务不错，
1,眉州就是专业阿
1,说好的豆瓣酱哪去了，忘了吗？
1,提前订，还是挺快的！送餐师傅人很好！
1,金银馒头不适合外送，金馒头一闷都软了
1,"大下雨天送来的,辛苦了"
1,味道很好吃，配送也很及时，服务态度很好
1,好服务，好菜品，非常好！就是一荤一素里面的蔬菜比期望的少一点，另外，送餐费太高、能否降一降
1,还有垫纸，非常贴心。
1,精致，味道不错！就是价格也高量小
1,速度很快，送了蘸酱，但是上次电话订餐没有送。孩子喜欢吃马盏糕和小笼包
1,太好吃了，好吃哭了，太感动了。色香味俱全，爸妈很喜欢。
1,味道好速度快包装严
1,服务非常好，菜品也好吃！
1,很好吃，密封紧密
1,取消订单了。
1,外卖小哥服务很好，送餐态度很赞，但是，忘了给我送的可乐了，另外，米饭量很大
1,速度很快，就是他家菜量太小了
1,送餐小伙子可贴心了，还帮我妈把垃圾随手带下楼了，超级赞！
1,都非常好，就是派送费有点贵！
1,炒饭略咸了，味道还是不错的，银耳汤还是那么好喝
1,送到还是温的，这大冷天，辛苦骑士了!
1,"不止一次啦,很好哦,爸爸很喜欢呢"
1,菜品味道还都不错，快递也很快！
1,非常好速度很快服务态度很好味道超好超赞云吞有点贵汤包便宜又好吃下次还来
1,送货速度挺快的
1,味道很好又订的挺好吃
1,"汤包还是挺好吃的,再次订了"
1,配送超级到位，配送员认真负责
1,"服务很好,很到位"
1,配送速度很快，东西也好吃。
1,服务很好，也很快，食物热热的
1,特别特别好，外面马上就要下雨，小哥快马加鞭的来了～～神速～^_^
1,很好吃，速度也快，小笼包汤汁很多，味道不错
1,快递阿姨很好，速度快！
1,非常好，谢谢外送员
1,忘说拿蘸料了，下次我得备注
1,送餐的人非常好，特意打电话提醒我们有优惠
1,很好吃，送餐及时！
1,有点慢，因为是现蒸的，着急的就别催了
1,配送员很棒！
1,下次还点！
1,东西很好吃，送餐速度也非常快，只是窝蛋牛肉饭上边写带汤，可是没给~~不知道是不是忘记了~
1,还可以。拌面有点干，油多了。
1,"好~,小笼包也不错~"
1,送餐速度快~只是食物比之前的量少了
1,感觉味道没有去实体店好吃
1,送餐很快，量足，很好吃，方便，个别菜不是很热，联系送餐时再现做。
1,很好吃的饭跟芝士土豆球。就是速度有点慢。
1,挺好吃的，还给了我4瓶饮料
1,送餐很快很好吃
1,年糕好辣，不是微辣，果汁是苹果汁，送过来的没有石榴汁，好像快过期了，沙拉怎么好多水
1,"离学校近,很方便"
1,好吃~送到北中医才十几分钟~\(≧▽≦)/~
1,前几天点的卤肉饭要是单卖里面的泡菜就更好了
1,味道还可以，速度一般。
1,配送服务很好。味道很正。
1,味儿很正！也准时！赞一个！
1,"很好,很实惠"
1,"味道不错,配送速度比预计快"
0,完全不值得信任，出尔反而
0,量很大，但是味道真的一般。等了一个多小时才送到，达到了超时赔付的时间，感觉百度超时赔付就是个摆设
0,.炒菜都不放盐的？咖喱炒饭没吃就扔了！太失望，差
0,等了一个多小时，饮料盖子都破了
0,"原味奶茶没加椰果,而且上面的封模破了"
0,点的岩盐芝士可可和奥利奥奶茶，送来的两个全错了！
0,下雨天，配送慢，可以理解，商家为什么不接电话！
0,"店里送错了餐,给店里打电话,话还没有说完,对方就挂断了,特别没有礼貌,实在是差"
0,太难吃了。大米不好蒸的也不好。鸡都是碎的。
0,快递师傅很好，可惜饭菜配不上师傅的速度，太难吃，油大，卖相极差，味道也差，绝不再吃。
0,香芹牛肉丝就跟凉菜似的，凉拌莴笋丝喂猫呢感觉，也太少了吧
0,最奇葩的一次，这米饭少到没法再少…估计成年人能吃五份米饭，那么大的盒子，米饭放了不到六分之一…难道你家的米很贵吗？真是日了狗了！
0,送的东西三盒都洒了，车翻了吗？
0,送的倒是真速度～可是勺也没给餐巾纸也没有-_-#…以后不点这家了…面不好吃～一股子很不新鲜的味道…鸡腿也是闻起来不新鲜…酒糟小汤圆好马马虎虎…
0,"面太干太硬不好吃，除了面就有两片木耳，差评！,汤水洒的满世界都是"
0,饭没什么可说的，外送从取餐到送到用了40分钟，实际距离1公里左右，面条类的东西这样还能吃？
0,送来的东西袋子也不记上、都凉了、快递也不行啊
0,连个吸管都没有，而且送来的都凉了
0,配送地点距离餐厅不到2公里，我用2小时40分钟吃上凉了餐（点击取消订单，我打电话给店家，对方座机是空号，无法取消订单）如此强的配送，如此强的服务，从未见过。
0,"1.,十一点订的餐,一点三十才到,2.,12点催单，就说配送中了。,一点二十催单,还配送中。,我单位就在边上走路五分钟的地方,3.,给商家打电话,关机。,4.,送过来之后饼凉了,餐凉了,5.,肘子肉全是大肥肉和青椒,量也小的可怜。,口感我就不说啥了。千万别定"
0,呵呵吧。这配送。简直了。没下次了
0,送餐两个半小时，别的不说了
0,点的中卷，比之前点的小很多，还慢，一个半小时，都凉了
0,全凉了，面都硬了。送的慢可以理解，大冷天没用保温箱还是奇葩的锡纸包装，没法放微波炉。
0,送来东西都已经凉了，凉了味道就不好了，太不靠谱
0,太low，吃不下去，差评差评，好难吃，
0,"之前吃过很多次,不知道为什么今天是生的,吃一口只能丢掉"
0,"配送能力有限,为什么不使用百度派送"
0,配送员态度太差，送得慢，按正常速度下楼取还一直催，呵呵了？
0,送餐很慢，商家电话打不通，服务真的很差
0,送的超级慢而且巨难吃！
0,点了三样东西，还少送一样
0,良辰告诫众饭友，此家卷饼极其不靠谱，到手拔凉拔凉的，一口咬下去半拉多都是饼！凉了的肘子肉吃起来腻死！最最可恶的是，我九点下单预约十一点四十五送，晚了两个小时！要不是看送餐师傅辛苦，我真想把这破饼扔店家脸上！记住，我叫叶良辰，我叶良辰不是你能惹得起的！请饭友奔走相告。
0,等了接近两个小时，太慢了
0,整体不错，肉少，配菜太多。
0,"好评，必须好评，有点如下:,1，有创意:把肉夹馍的皮去掉，换成煎饼包肉，有创意。,2，量足:图片是两个，实际只有一个，只要吃三个就饱了。,3，便宜:20块钱买个肉夹馍，真值。,4，送餐及时:十一点半订的，说十二点半到，结果一点半就到了。,必须赞!!!"
0,"花了两个半小时送来……卷饼都凉了，真是无语,没见过更差的外卖"
0,送餐员态度特别差
0,十一点半下单，显示十二点四十送达，结果一点半才送到！！
0,肘子卷不好吃，与实物也不一样
0,点过好几次宇宙卷饼了～这次送的是最快的，本来很开森，但是送餐小哥打电话那个态度～我也是醉了
0,送餐太慢。不是一般的慢。11:04下的单，最后13:20才给送到！客户端催单三次没反应，打电话给商家打了两次，光送餐员（177xxxx0056）打电话就打了三次，最开始地点还给送错了！我又告诉他了地点在哪最后才给送到。这时候给送来了都开始上班了，没时间吃饭。强烈不满！！！看在送餐员岁数不大，一直在说对不起的份上，我还是把中间几位数字隐藏了。
0,肘子的那个吃后拉肚子了，孜然肌肉的还不错
0,这送的也太慢了，来了之后基本都是凉的，学校离着五道口几百米，还这么慢，1个多小时啊！感觉不会再爱了。
0,"慢的不行,就是慢,绝对不黑,贼难吃,等了将近2小时,好吃也行啊"
0,一个字，慢
0,太他妈的慢了
0,送饭速度太慢
0,"差劲的很啊，少送不说,，还强制消费。。。想退款，很麻烦的"
0,卷饼和粥送到都已经凉透了
0,等了2个多小时才送来，送来还都是凉的，差评
0,"卷饼两端面太厚了,盖饭米饭太软了,配送员明知道我在6层,要求我去4层取餐"
0,这破天气我也理解，但是这速度真的都凉了。。。味道一般
0,尼玛，送了三个小时
0,"快两个小时收到,定的牛肉的,牛肉没有给其他的,以后不定了,不好吃"
0,皮蛋瘦肉粥里没有皮蛋和瘦肉
0,等了100多分钟，送来的时候我都快饿晕了。。。。。
0,菜明显是剩菜，跟之前买的完全不一样
0,送的有点慢，味道很好！
0,"完全不值这个价,一个素菜卷饼15,里面就两根土豆几块洋葱,饼倒是挺大。,再也不来了"
0,盖饭不好吃。还等的海枯石烂了。不点了
0,垃圾食品吃完中毒啦！！！！！！
0,根本就不是肘子肉
0,不值17元！我要的是肘子，里面加了一半鸡肉，不如大街上手抓饼加两块里脊，皮蛋瘦肉粥6元不如早起2.5元的实在
0,11点半点的餐，12点45送到的！！蜗牛都比你们快！！！不会再定了！
0,卷的菜很少，感觉很一般
0,挺不错，就是时间有点长，一个半小时送达
0,一个小时才到，粥也洒了，饼也凉了
0,2个半小时还有啥说的，最后一次
0,"说句实话,确实一般,如果不是因为优惠,20的最后4块钱买的,我真想退货"
0,等了两个半小时才到，不想说什么了
0,尼玛是生的，为了快也不能这样啊！！
0,肥肉太多吃的时候还把嘴唇拿破了
0,买的饼和粥！！！粥居然不给送！！没见过这样的！
0,好吃～不错～速度快！
0,"肉质不新鲜,已经有味道了，不知是不是外卖才这样"
0,"饭真的很一般,米饭质量不行"
0,"11:35下单'14:20送到,想吃的自己掂量掂量时间！"
0,"什么送餐速度，你么13：32订餐，14：36还没送来，打电话问人家答复还让再等半个小时送来，这你么也太霸王了吧，虽然就点一份也不能用这种服务态度对待，就算是免费得外送,人家都是第一时间响应，服务态度实在不敢恭维！！！"
0,送餐速度太恶心了！将近3小时而且没交代！
0,一个小时30分钟才送到，都凉了，味道很一般，再也不订了。
0,差评！！！实在不知道该说什么，事情太复杂，送餐人员一开始就打了一个电话，因为手机静音没有接到，马上就打回去了，结果说已经到别的学校了，好吧，那就等，结果期间又打了三个电话，还是晚了五十分钟送到了，总共等了将近两个小时。送到了也就没什么了，结果取餐的时候，我们还没说什么，送餐人员直接抢白，说因为我一开始没有接电话，他送了一圈饭，最后又回来我们这边。我们都能理解送餐人员的辛苦，可是您态度太不好了吧！说句凶残的话，怪我咯！！总之，任性，就三星！
0,都是大肥肉，吃不了！
0,送外卖的呵呵了，不给送到我给的地址，还让我自己走老远去拿，那我还订外卖干嘛。卷饼还是很好吃的。
0,包装挺好，土豆肉丝卷饼中的肉丝都是肥的，不好吃，土豆丝也一般
0,两个多小时送到，味道一般
0,真她娘的慢，要等两个小时才送到，人都饿死了
0,没有第二次
0,等了2个半小时。。。饭菜还不错
0,米饭太黏，跟盖饭似的，只不过多了点蔬菜，不好吃。还吃乖乖吃卷饼吧！
0,失误难免，，以后请注意。。
0,两个多小时才送到
0,送餐太慢了，粥都凉了，不好喝，土豆肉丝卷饼，全是土豆零星有一点肉丝。。。差评，不建议购买
0,我点得鸡腿！给我送错辣！
0,卖相和图片相差甚远
0,南瓜粥全都洒了，拿到是个空碗
0,"超级不好吃,超级慢,打电话取消还不给我取消,一个多小时才到"
0,送的超级慢，竟然还让我去楼下拿，从来没遇到这样的
0,都打电话确认两次了，跟我说已经取消了，结果还是送了。本着助人为乐的原则，我还是付款了。
0,点的蔬菜肘子卷，里面除了肉就只有几片圆白菜！图片上的豆芽呢？！黄瓜呢？！绿蔬呢？！洋葱呢？！辣白菜呢？！差差差差差评！！！再也不会点第二次。
0,我点的是肘子卷、您给我送的五花肉卷、真心当我吃不出来么？
0,饭居然是甜的！【表示从不吃甜肉】还有股虾丑味！
0,今天真是见识了，如此好的天气，送餐竟然能用了一个半小时。菜品也一般，皮蛋粥太咸了，鸡肉卷里一堆鸡皮，太令人失望了。
0,送餐很慢，饿死了，味道很一般
0,尼玛速度太慢，绝无下次，
0,送餐送了俩小时，饿晕了都，盖饭太难吃了
0,好慢...吃得还不错
0,只吃了一口就扔了，肉有一股子臭味儿，一次管够，最垃圾的一次体验！
0,难吃到无以复加，以后都会绕道，全是洋葱很少肉，太过分了吧
0,吃不了肥肉的最好不要点，有点腻！酱料不多，味道偏淡。
0,太慢太慢，粥就是水做的
0,包装上没少下本，味道有待提高，吃完有些腻
0,"很一般,有点小失望,而且送过来是凉的"
0,不好吃，香菇鸡肉卷，里面全是香菇，几根鸡肉，没有一点青菜，粥的碗那么小。
0,"饼还不错,粥是馊的,直接扔"
0,很油味道一般
0,菜太少了，饼有点厚，酱汁味道浅
0,根本不是肘子肉，只是些瘦肉加肥肉。
0,不知道是送错了还是本来就分量少，我这个大份的，特别小。。
0,"太慢,一个半小时"
0,味道一般，干干巴巴的，吃到最后有点想吐。不过包装不错，看起来很精致干净。总体来讲，不值20元钱。
0,第一次买这家的饼，这家店的肘子卷饼不是一般的差，大还推荐哪，大家不要买了！已经注明要热的了，饼送到了都是凉的了，估计早做好了就等中午送吧，而且一股腐臭味，你们用的什么肉就知道了吧！里面的肉10块里有8块是大肥肉，泥马肘子里有大块的腐臭的肥肉吗？可以投诉吗，百度怎么准入了这家店，真是恶心到家了！
0,两公里送了俩小时
0,"慢,真心慢,真心慢,卷饼还可以,拌饭真心难吃"
0,上帝等的都快饿死了！
0,一个半小时才送到，送餐员态度特别恶劣，差评！！！
0,这个煎饼也是醉了。。。
0,涨价了，越来越不值得
0,今天这个送餐的让我太无语了，电话接通就喊“出来拿外卖”。我30秒不到走出去就没人了，一看外卖在楼道内垃圾桶上放着。永远不会再订这家了，太差劲！！！
0,肥肉太多...
0,无敌慢！！！！！！！昨天2小时，今天依旧2个半小时都，居然还没送到
0,很不愉快的一次点餐
0,"太多肥肉了,口味一般"
0,非一般的慢
0,太咸了，太咸了，太咸了，重要的事情说三遍！
0,送餐太慢，2个小时左右，差评！
0,"皮厚,菜少粥不满"
0,京酱肉丝的还可以，肘子的没有酱，太干了
0,什么情况？不是已经打电话说好了取消订单吗？还给不给退款了？能不能有点信誉
0,太太慢了，
0,买过这么多外卖第一次让我去楼下取的！还显得特别理所应当！一颗星给你都多！！！
0,最崩溃的是时间，近两小时才到，伤不起，味道不难吃，牛肉吃出京酱肉丝的感觉，量中等
0,送餐晚了50分钟，味道也没有第一次定的好吃了，土豆肉丝里边油太多
0,量不是很大，小贵有些油，等了快一个半小时了才来
0,非常难吃啊，非常难吃，特别难吃！
0,送餐也是太慢了，和同事一起定的，结果人家都吃完了，我的还没到！慢就慢了，定的纯素蔬菜拌饭，结果送来蘑菇拌饭，错了不说吧，饭里还有头发！太恶心了，果断没心情吃下去！
0,图片仅供参考
0,建议两个小时前订餐！
0,一般般。。。
0,"9点定的,12点才送到,还只送到楼下,太差了"
0,难吃，快递脾气很大
0,这蔬菜拌饭有点
0,香菇是不是烂了呀
0,鱼香肉丝咸的不得了，而且很干
0,登了100多分钟，送餐用了2个小时
0,一般般，速度太慢，太辣
0,米饭是夹生的，只好把菜吃了，饭扔掉
0,就是有点少。。。
0,东西少，送餐慢
0,"完全送错了啊(,‾᷄꒫‾᷅,)只给我送了一个带肥肉的，我点的是两个，一个鸡肉，一个土豆丝(ㅎ‸ㅎ)"
0,太不好吃了
0,"首先送餐时间过长，十点半左右下的订单，系统显示11:20送达，实际送达时间为12:40,其次，配餐有误，我定的是全素饼送来的是全素饭"
0,等了一小时，感觉量略少，一个女生勉强能吃饱，偏偏我是饭量大的女生
0,汇源果汁没送啊
0,送餐速度过慢，服务人员甚至弄错了位置。
0,送餐太慢了，东西都凉了
0,时间太长，休息日居然90分钟，味道一般
0,"味道好一般,饼厚又硬。。"
0,真是服了，等了将近两个小时才到，送餐的人说什么要下雨了还催我下来拿态度特别差。。
0,两个小时才送到，十二点半下单，两点半才送到。味道极其难吃，饼很厚，而且很多层粘在一起，基本咬不动。饼本身基本占到了一半体积。肉有一多半是全肥的，难以下咽，几乎没有配菜。里面几乎没有酱汁，又干又恶心。吃了一半就扔了。粥又少又凉，不提也罢。这样的店，没尝试过的人真是幸运，不如买包泡面充饥！
0,越来越小了。。。
0,因为楼层很多所以让人去校门口自取，好懒……
0,送餐两个半小时，不能更慢！木耳里有飞虫，无语！
0,送餐非常慢，东西又难吃，没有酱
0,纯素蔬菜拌饭里面为什么会有肉！！！什么叫纯素啊，哎呀，素食主义者受不了了啊！！1！！！
0,都没吃出什么味道，饿死啦。晚了1小时多。
0,卷饼味道很一般很一般，不好吃，但是便宜
0,我的肘子卷变成了香菇卷。皮蛋粥变成了南瓜粥。。不太合适吧....
0,太慢了，等了接近80分钟，都凉了
0,等了200分钟，终于到了！真快！！！！
0,这送外卖的小哥是在梦游么？每次要么我下去了等了半天也看不到人，要么就是和别人聊天去了。你要到了再给我打电话好么，别每次让我等你！！！！
0,都没送到，订单自己完成了
0,实在很一般，干死了，不好吃
0,"饼比肉都厚,还干的要死,一点汁都没有,配送的人话都说不明白"
0,"难吃,不新鲜"
0,"挺好吃的,就是太慢太慢了！！(*>.<*),两个半小时！"
0,他们是自己的送餐员，速度且慢了，两个小时！
0,按错了，还没有送到
0,吃了很多次牛肉蔬菜拌饭，今天明显比以前少很多，不管菜或者饭都差不多之前一半，没吃饱，又去楼下买了份凉皮……
0,木耳非常难吃
0,肘子就是几块猪肉，光有情怀有啥用~
0,"点的牛肉蔬菜,拿回来一看是京酱肉丝……至少解释一下啊,菜还不错"
0,皮太厚，没有菜太腻
0,只给一点点菜，比一份凉菜都少，根本不够，超级差评！没见过比他家给的菜再少的了！以后再也不买他家东西了！
0,送饭太慢了
0,真心太慢了～～～～
0,"菜品也太少了吧,第一次见这么少的"
0,等了两个半小时，客服给处理了半个小时，最后就是默默送过来了，也没给解释一下。为了避免影响好心情，以后是不敢再点了。
0,感觉味道一般
0,额。。。很难吃
0,电话根本打不通只能死等。。。。
0,"卷饼皮是真厚,土豆丝太少了"
0,太难吃了！饼夹生的感觉还咬不动，里面都是大肥肉，咬一口就直接扔了，粥还凑合。
0,卷饼太厚了，不好吃
0,宇宙卷饼是饶了宇宙一圈才送到的吧，等了2个多小时也是醉了。
0,慢成狗了，俩小时，也不解释，说取消就取消了，店大欺客啊
0,香菇鸡肉不太好吃，果汁也太袖珍了吧…不过速度巨快
0,送餐时间太慢太慢，包装倒是很干净，也挺好吃，就是送餐好慢
0,太腻了，而且量少
0,不送餐到手，非让自己取
0,送了将近3个小时，差点饿死
0,味道很不错，不过包装真的是越来越差了，之前高大上的牛皮纸袋也没了。送餐太慢。
0,"定外卖肯定是为了方便,但1个半小时才送到是什么情况,高峰点写着提前1个小时,我提前1个多小时订餐,要是远能早点出来吗,也没超出写的送餐区域吧,要不您就只送附近那一片"
0,就几条肉丝，全是土豆丝，而且有些没熟
0,等了一个半小时。上面标价20，其实也就值几块钱，不知道是商家骗百度补助，还是百度联合商家欺骗消费者，反正很不值，以后不会再买了
0,送餐服务特别差！骗人！明明保安让进大门，就因为懒得进来，所以骗人说不让进！无论东西好吃与否，就看在这个送外卖的人，以后也不会买了，也不会推荐朋友买！什么服务啊！！！太差！！！
0,口感真心一般，下次不买了
0,差差差！时间太久！
0,慢死了，不好吃，百度外卖不靠谱，没意思！两个多小时等待。
0,送餐慢，店家电话永远打不通，虽然味道很好，但是以后也不会再来了
0,里面竟然有大片肥肉皮，说好的鸡肉卷啊。。。
0,我定的6点15，竟然提前一小时送来
0,不太好吃，没味，凉了
0,只有肉菜没放酱料，太干。
0,"说真的,从不给差品,这回真的气到了,虽然知道这家一向很慢,但今天等了两个小时,以后不会再点了,味道再好也不会找这份气受了"
0,"还可以吧,送餐太慢了"
0,快递服务差，提前俩小时订餐，晚了二十分钟，味道一般
0,送餐员素质太低。
0,点了肘子拌饭和一份南瓜粥，送来时没有南瓜粥，打电话说给送过来，这都晚上了，还是没影，不给了就明说，不就6块钱吗
0,十点十五下的单，下午一点才收到，中途催单两次无果，打商家电话竟然故意不接听！！再次拨打过去就占线！！卷饼也越做越差！。。。
0,拜托你们给每个饼涨两块钱多请几位送餐师傅行么，我定了三次饭了，每次都是提前一两个小时订，最早的一次迟到一个小时送过来，你们都是睡醒了午觉吃午饭么
0,太可恶了，不送还接单，催了几百遍都不理客户，从没碰到过这么恩劣的商家
0,1星都是多的，提前订了俩小时都没到
0,巨慢，提前2个小时订也这么慢
0,昨天送的肉丝的大
0,送餐速度太慢10点多下单，最终送到12点半。。。
0,太慢了～～～～～是不是临时杀的猪
0,把中饭送成下午茶，2个小时，这还能算外卖么，已经没有食欲了
0,都送错了，点的两个十元的土豆肉丝饼，结果送来俩八块的青椒土豆饼～送餐的还可屌了，看着就像小混混～
0,九点多顶的，预计11点送达，结果催单了11点才给送，12点半才送过来
0,兩個小時才到，肘子肉糙⋯
0,我买的土豆肉丝，送来却是土豆丝。高价买低价菜。送餐员让我打400客服电话，空号打不进去。就这样吧。
0,点了两份饭，都没有给筷子！！
0,粥还不错，饼太油，都散了
0,慢啊慢！！！十点10定的餐，十二点半不催还不来！服务态度不错就是慢！不饿的就可以慢慢等！蔬菜卷蔬菜太少，全是洋葱！！！包装还行…可有啥用呢？华而不实！
0,"太慢了点吧,将近两个小时,一次郁闷的订单"
0,菜品很一般，理念好，产品没搞好！
0,送餐速度不是一般的慢，而且店家的电话永远打不通，也没法确认送达的具体时间。不会在订了
0,菜少，口味一般
0,送餐很慢很慢，定的很早了还送了一个半小时。定的粥没给送，说给退钱也没给退，一点诚信都没有，同时也遇到过同样状况，不会再来了
0,送餐速度快，就是太难吃
0,送错了三个位置才送到，来的时候粥的盒子压破了，全撒在袋子里了，差评
0,太他妈慢了
0,太慢！！味道一般！！
0,"不好吃,还送的特别慢"
0,饭还不错，但是送餐真的是太太太慢了。。。无语了
0,"两个小时才送到,送餐态度还特别差"
0,难吃又很慢再也不吃了！
0,没有以前好吃了，感觉优惠了以后肉和菜质量不如以前
0,土豆肉丝并没有看到肉丝。。。
0,卷饼没有想象中的大，但肉很多，就是送餐有点慢
0,我只吃到一块牛肉……
0,卷饼一般，就是送的太慢，都晚半个多小时了！
0,只送来了卷饼但是没送粥，打电话一直占线，最起码打了不下十次了，总算通了又让我打另一个电话，又继续不是占线就没人接，终于打通了才把粥给我补上送来，据我下单已经过去快两个小时了
0,卷饼都凉了
0,够久的，以后不会再买了，等了快两个小时。。。
0,卷饼里一个钢丝，希望卖家能注意，生意好了，要更细心才是
0,我承认店家的包装很精致，但是能严谨一些吗？请看好，我定的是【飘香肘子卷】！！！！鸡肉卷怎么解释？？鸡肘子？？？鸡肉味这么浓的肘子我也是第一次吃，电话也没人接！
0,菜量有点少
0,催了两次，等了一个半小时才到，快疯了，难吃死了，以后不会在买
0,快一小时了，饭呢
0,一个卷饼不够，菜和肉很多，可以再额外买个卷饼吗？
0,之前晚归晚，至少还能接受，这可好，11点20订，两个多小时才到，送来了都该上班了，都没有时间吃了，下次不敢订了
0,13:20多才送到，呵呵嗒，强烈要求自取！！
0,送餐实在太慢了，整2个小时，辣菜也不注明，失望
0,我吃过真难吃的没吃过这么难吃的。
0,支付就是一坨屎
0,速度很慢！卷饼很难吃，还20块钱，里面全是肥肉，坑死了！
0,都凉了，不好吃
0,还可以，就是量小点
0,送的有点儿慢，不过还是挺好吃的。
0,稍微有点儿腻，要是再多些菜就好了，不过总体还是很好吃的。
0,米是一块一块的，粥里的南瓜也没熟，
0,"等了一个小时,算少的了"
0,卷饼很好吃，量也足。但是咱这送餐速度真不敢恭维。10点40订的，一点才送到，再晚点可以做下午茶了
0,粥尚可，饼一般
0,牛逼，再晚来一会儿就能当晚饭了。
0,肉好肥，等了一个半小时都凉了，所以肥肉很腻。
0,卷饼的菜和图片上差别太大了…半点黄瓜丝也没有，青椒丝就一根，剩下基本是土豆。淡而无味。再也不买了。
0,等了快俩小时，告诉我把我的单给忘了，送餐速度太差
0,我点的20元的牛肉蔬菜卷，送来的是8元的尖椒土豆丝
0,跟以前吃的，味道差太多了。点的飘香肘子，超级难吃，而且绝对不是肘子那的肉，肥的差不多有一半多，都挑出来扔了。对宇宙卷饼失望了，不会再去吃了。
0,送餐时间有点长
0,"饼厚,肉没味儿,用的是柿子椒而不是尖椒"
0,太少，点的中分比上次的小份还小
0,"太慢了,2个小时多才送到"
0,商家没有给赠送的饮料
0,这皮蛋瘦肉粥没放盐，真心难吃呀
0,送餐速度巨慢，客服态度不好，推来推去让自己联系，人大店电话无人接听。
0,一般，凉的，而且基本上全是饼，很厚，里面的馅没多少，性价比低
0,"有点慢,送来都凉了,而且也不太好吃"
0,"最差的一次订餐体验,送的慢死了,东西也难吃。"
0,看看送餐时间
0,"正面：卷饼味道确实不错；,负面：送餐很慢，订单标注需要送到房间，外卖员非常不耐烦，上来之后竟然还骂骂咧咧，非常恶劣，以后再也不定了，也不会推荐楼上其他人订。"
0,"饼粘糊糊的,里面的还行"
0,订的卷饼送的拌饭，味道还好
0,鱼香肉丝的不好吃
0,香菇鸡肉卷饼不好吃。。。
0,送的太早了也不好
0,等了快四小时。四点一刻订餐，多次催单，八点多到了，还是凉的。卖家送了王老吉。但是吃凉的还是不开心啊。
0,"味道还可以,不过送餐的时间好长"
0,"一般,没我妈妈做的春饼好吃,面饼不好,太干,纯肉太荤"
0,"不好吃,一点味儿没有,肉根本嚼不烂"
0,"一点味道都没有，简直就是白水煮过的蔬菜和肉，点了一个牛肉卷饼，吃着根本不像牛肉，整体味道不如街上的煎饼，皮蛋瘦肉粥就是一小碗粥加了一两块皮蛋，说好的瘦肉呢？？？简直无语！！,差评！！"
0,送到的时候完全凉透了。。。。
0,粥洒了很多，味道一般
0,菜好吃，分量也很好。美中不足的是米饭太硬，口感影响了整体评价。
0,"吃起来不方便...,而且似乎有股异味..,闻起来。"
0,超级差，南瓜粥已变质，馊了
0,用了两个半小时太过分了
0,"1，时间太久了。八十多分钟才送达。,2，我拿到后开吃，是冷的。面饼冷下来，口感很差，里边卷的馅料是什么飘香肘子卷（套餐），不说飘香了，一粒粒冷猪肉直往下掉。,3，我勒个去。第一次点，上了个当。"
0,不是特别好吃。没有什么味道、
0,味道不错，但是送餐第一次十一点45送的，我们定了4份，只送了一份，剩下的三份是12点10分送的
0,太慢了！东西都凉了！起送价还涨了，很多的套餐都不能送因为没有到起送价。
0,口味一般吧，感觉饼不是很新鲜。吃不太习惯。
0,肘子卷肥肉好多......
0,袋子里洒了一堆汤汁。。。说11点半以后送到，结果11点10分都不到就送来了，问原因，说是这边送得多，顺手就送来了，要是这样干嘛还要写送达时间？有意义么？
0,"是要放假了吗？吃了很多次这次最糟糕,送货慢,派软塌塌直接没法吃,丢掉了。披萨皮全是汤泡软了,没食欲。老板这样可掉粉了"
0,"实在是。,太慢了"
0,"太慢了！预计12:15到达！晚了一个多小时,没有任何回复！差评！！！！"
0,还可以吧，挺实惠的价格。。。
0,没见过这么小的九寸披萨。量了一下。22厘米。跟6寸有什么区别
0,没有收到货，该退款的吧
0,卤打的还行，囊质量差了点儿，配送比计划晚了一个多小时，严重不满意。
0,知道送餐用了多长时间吗？两个多小时，亲，想饿死我是吧！
0,"为何送来四盒,两盒都没煮熟,肉是生的是要让我家人吃坏肚子吗？"
0,"都什么啊,这么难吃吃,醉了"
0,，，，饭有腐味肉臭，这彭伟这jb傻缺智障送餐员呢，缺德得很，嫁给女的没人要的，吓死了吧，懂么女的取。饭馆啊，我感觉是不想退才说找不到按钮，也是傻的缘故，不过我用灵气把他们变聪明了。女天机星进驻
0,两个餐盒为什么收四块？烤鸡翅是剩的么？！
0,汤直接装塑料袋里了，我想问问我该如何倒进盆里？
0,死虾，味道淡
0,太特么难吃了，豆干里的俺村蛋都硬的
0,过完春节第一次用百度外卖，下单时写了凉皮不要辣结果放了辣椒，点了两份食物给了一双筷子，这外卖送的，除了涨价了没什么区别
0,火腿鸡蛋饼，看到鸡蛋了，没看到火腿在哪？
0,一点都不辣
0,送餐员太差！慢！餐凉！不送上楼！态度不好！！
0,骑士漏送了煎饼；店家的面和抄手咸得要死；双差评！
0,不要总是弄一些华而不实的东西，送来的餐都是凉的。扁豆都不熟，不知道扁豆不熟会有毒吗！！套餐里写的是姜枣茶，送来的却是豆浆！
0,为了送货上门，他为了节省时间，小炒肉都是辣椒，我宁愿你都是芹菜！比第一次吃差远了！
0,慢，早餐吃成午餐
0,我的热饮呢？少送了一个什么时候来
0,"预计送达时间是12:18,晚了半个多小时才送来,还跟我说天冷都慢,由于饿,想着外送员也不容易,就把餐领了,回来打开一看,煎饼都凉了不说,鸡肉煎饼里的酱汁流的到处都是,把所有吃的弄的都黏糊糊的,薄脆也都烂掉了化了,打店里电话都没人接,太差劲了,再也不买他家东西了,同时叫的麻辣烫百度提前十分钟送到的还是烫的,差距！！！"
0,八点半下的早餐订单，10:50才送到！！还让不让人吃早餐了？！体验过慢的，没有体验过这么慢的配送服务！
0,使劲催还一个半小时才送到，煎饼和豆浆都凉了
0,"客服电话完全打不通,两个小时才送来,早饭变午饭,没见过这么过分的,再也不会定了！"
0,太他妈的慢了，早餐送过来吃成了中午饭，真够可以的
0,除了豆浆，所有煎饼都已经糊成一个扁得粘的东西，酱和辣味不搭，简直破坏了煎饼所有的口感。一个多小时都送不到，也是醉了。再也不买第二回，街边五块钱比这里好太多。
0,配送太慢，很差！
0,"去你大爷,送的晚,电话不接,接了屁用没有,做毛服务业"
0,"煎饼都凉了,全压瘪了,豆腐脑也没有店里好吃,薏米水还可以,但是没拿管。。。"
0,"外卖员太差劲了。,速度慢，,豆浆还没给我。"
0,我只能说，皇太吉太不要脸了，7点下单，8点50送到。还自己确认物流在7点40送达。奇差无比
0,"等了一个半小时,菜都是凉的！"
0,煎饼巨难吃，我吃了一口果断丢了。水果盒是7颗新鲜桂圆和8个新鲜圣母果，12元，感觉小贵！
0,主要是速度慢得，没法吐槽了
0,豆腐脑不给勺子。
0,一个煎饼果子加上品牌价格就飙升好几倍
0,"很不开心！点的一个包菜粉丝卷和小炒肉卷,tm给我送来的是土豆肉丝卷和土豆丝卷,非常想骂人"
0,"什么玩意儿，足足等了一小时，订单显示送到，其实根本没到,送餐太差,！"
0,那个水果饮料，看着都恶心，上边漂着一层泡沫，一口没喝。送餐的只送到大门，自己取得。为啥你家送餐的都这么吊。
0,"难吃,不给发票"
0,味道还行，配送太慢
0,外卖速度太慢，由店家自己送的，而非通过百度外卖。送到的时候煎饼都凉了，而且也疲塌了，耗时90分钟，该店距离我家不到1公里，送餐速度慢成这样。也吃不出煎饼有多好吃。也就是百度卖外的活动还算优惠，其他没什么好的。以后不再买了。
0,一切都是那么的差，等了两个小时才送到，煎饼都凉了，又硬又难吃，客服电话没人接，送到了还找各种借口，百度外卖上体验最差的一次！
0,越来越差，越来越差，虽然写了也没人在乎没人看但还是要写，等了一个多小时，订单莫名其妙就被完成了，可是我的饭呢？饭呢？饭呢？？？受不了？搞个毛线互联网+啊，送餐员也是叼着烟一副屌样，呸
0,"差评！差评！差评！,完全不按照送餐预约时间送，自己什么时候方便就什么时候来。要是这样送餐还定送餐时间有什么意义吗？,太差了！"
0,越来越不好吃了
0,"我东西都没收到怎么就订单完成了,商家太不负责了啊！"
0,这次的鸡柳蔬菜煎饼真心不好吃～我记得第一次吃他家的鸡柳也是别人推荐的～很好吃～这次的鸡柳就等于是面疙瘩～
0,"到现在了还送不来,电话也没人接,我是在评论8月14日的订单"
0,饼子夹油条。。橙汁是粉冲的9块。。
0,晚了足足有20多分钟…不催也没电话
0,红油抄手所有的红油都在盒子外面！煎饼也是包装纸袋开口朝下，三分之一煎饼倒扣在外卖袋中！咱能包装时认真点么？
0,备注了11：30送到，又提前半个多小时就送来了
0,送餐晚了半个小时，也没报价。东西都洒了。
0,还没收到！根本联系不上！
0,已经二小时了还未送到饿坏了。
0,"拜托三小时了,不要了"
0,没发票干嘛还说能开发票
0,送货时间太长！！！
0,确实不杂好吃呢
0,好难吃，感觉酸了
0,垃圾的无话可说了，昨天定的，没有送，打电话没人接，第二天打电话也联系不上
0,送的太慢了1个半小时
0,多等了半个多小时才送到
0,一贯的严重迟到，而且订的南瓜羹没有见到，只能事后补送
0,口味还可以，就是送餐太慢。离着挺近的，结果等了1个多小时。
0,没给我可乐
0,差评，真的不是想吐槽。我也是个差不多就行的人，不过这个也差太多了。订单100多分钟才送到，期间多次打电话催促回应也只是催单，这也就算了，说好的不要葱花香菜等100分钟送来的还是带的，而且送来以后煎饼都软了。我平时差不多的都是给满分，但今天这种情况真是得吐槽一下了。
0,下单很早，送的慢，不过快递员也很辛苦，但是不要葱还是有葱
0,等了一个半小时…实在送的太久了
0,送餐太慢，煎饼都蔫了
0,早点定的是两份8元煎饼果子套餐，苦等了1个多小时，结果送的是两份油条套餐，重点是说会补送，以为这服务真心不错，结果就杳无音讯了！
0,"不好吃,鸡柳好多面"
0,煎饼越来越咸了
0,很慢，吃个饭等一个半小时，我就不明白，摊个煎饼五分钟的事要一个半小时？到了都坨了怎么吃，就离店面500米，真是服了
0,送餐太慢，一个多小时才收到。
0,还行吧，份量挺大，就是煎饼里的油条都蔫了。整个煎饼被挤成了一坨…
0,等了大半年啊，告我车坏了，太难了，饼说是重新做的，还算可以，不是凉的
0,10.30下的单，11.20多到，发现没带餐，再次送来餐已经是12.50，还没带餐具，纸巾。饿的我呀，无语了，只能差评，没办法。
0,吃两次都坏肚子了
0,烂就一个字，把老婆都气炸了！！！坚决屏蔽
0,"少送了一个双菇烩，到现在都没人理！简直服了。,今天终于给补上了。。。不容易"
0,点黄太吉就没一次准时的
0,鸡丝凉面太太太难吃啦
0,豆腐脑给我换成了水果，没有提前通知，
0,就是太慢，131分钟送达
0,前几天定下单半小时后被取消订单，今天定晚到30分钟...以后应该不会再定了，太耽误时间。煎饼味道还行，有点辣，就是路边煎饼加个油条撒上肉松。可乐是塑料杯的基本已经没汽了，以前在中关村那边订是给听装的。
0,和之前网友待遇一样：送餐慢；煎饼软塌不能吃；饮料外撒。
0,由于系统问题，订单上留的电话被搞错了，快递迟到1个小时。东西还比较可口，但少了吸管。
0,名气大，味道真心一般。薄脆偏油，煎饼还不错。拉面煎饼是创新，另类了，不符合我的口味。土豆丝肉丝卷，我只能说，简直就是灾难啦！
0,要的煎饼套餐送的油条套餐
0,定了四份套餐就给一双筷子两份糖
0,可乐送到已经洒了一半，都没气儿了，豆腐脑也洒，红油抄手也洒了，哎！！！外送需要再专业一点
0,送来全洒了
0,这次豆浆散了差不多一半，豆腐脑也洒了点，袋里可想而知是什么情况。不知道为啥煎饼要倒着放，豆腐脑碗侧着放。挺喜欢吃你家和牛炖的（对了你俩是一家，你们要是不能接单能不能显示一下？？？我就不订了！！！，连续几天你退了我一单，牛炖退了我三单，退款还要1-15天退回来。拜托你们下次不能接单的情况下别在百度上了好吗？影响他人心情。
0,80多分钟，饿过头不吃了
0,太咸了，我要加辣又不是加盐！不好吃
0,没有想像中好，及第煎饼不止微辣，豆浆是固体的，糖都匀不开，只有豆腐脑味道还不错，可是撒了一袋子。
0,"放屁39分钟送达,不到1点下订单2点才吃上,百度的智商,卧槽了"
0,两个小时才送到，饿死了
0,"两个小时才送到,我是真苦了"
0,可以早上点餐，中午吃。100分钟的送餐速度，让人叹为观止呀！
0,味道不错不过时间太长俩小时才送到无语了
0,米饭不给送，咋吃饭啊..打电话过去只给退钱不给送餐.不行啊这店，饭都吃不上
0,"送过来的时候最底下的粥都压扁了,全洒了,送餐员也不看一眼,一坨就给我了,无力吐槽"
0,打包也太差了吧！粥是直接倒在口袋里打包的吗？那还要餐盒干嘛
0,换了厨师以后菜真的不好吃了！！
0,水煮牛肉是别人剩的吗？牛肉都是散的，吃到嘴里就化掉了，谁家做的能那样，里面有青菜，芹菜，还有黄瓜。真心反胃啊，大杂烩吗，来好几次了，以后不敢吃了
0,点了东坡肘子一位的，拿来完全惊呆了，十九块钱，就一小块红烧肉那么大，然后一圈不知道什么豆。不夸张，长宽高大概是三厘米乘二厘米乘二厘米…也就一口，麻烦以后直接标一口吧，比较直观，不够吃还能多点。这个菜以后是没法点了。
0,下单时说43分钟，外卖人员告诉我2个多小时，最后米饭交了钱没给我带，电联咨询外卖人员详情，最后给我在小饭店买的米饭，也就白灼芥兰好吃，剩下的那个个菜垃圾死了，要不看外卖人员那么辛苦为难，我绝不会支付一分钱
0,"首先外卖人员非常辛苦，服务态度也非常好！！最想说的是宫保鸡丁根本就是宫爆花生米，就算是外卖也是眉州东坡的外卖，就算是在忙材料也是切好炒的吧,不是我夸张，一盒菜里我就吃了不到10块鸡丁就全是花生米了，你这也太过分了，外卖就是这样糊弄消费者吗，我再也不会订你家的东西了，并且我的朋友们我也会告诉她们不要订你家外卖，因为这是你们对消费者的不尊重，更是对辛苦送外卖的工作人员的不尊重！！真是败了眉州东坡这个品牌的名誉！！"
0,量偏少，还好。
0,百度配送时间过于太久，饭菜没吃头了。
0,菜真的很一般，还是店里吃好些
0,送餐速度太慢2个半小时没送到餐
0,味道以及菜品的质量比店内就餐差的太多了
0,粥有异味，请商家注意卫生
0,米粉比以前份量少，没以前好了
0,明明要的芥蓝，来的却是生菜，不是一个档次
0,量少不好吃，其中葱油拌面成一坨了！
0,量小而精，口味尚可。
0,女儿说面成饼了，灌汤包也没有汤了，出了包装费就不能打包好点！配送员很好
0,等了两个小时送到。这个就不说了。人家解释过了。这个皮蛋瘦肉粥你确定就这么点??打包盒才多大?粥你给我装了三分之一那么多。你是在开玩笑么。我靠!!!
0,凉拌豆腐丝就一小点儿10块钱，没有任何配菜，只有白白的豆腐丝，一点点盐味！
0,鲜肉小笼汤包很腻，不好吃。皮蛋瘦肉粥还不错。
0,什么都不想说了，什么玩意儿，再订这一家我宁愿吃翔
0,1.口味难以下咽。2.饭里有头发。3.少送一份饮料。4.送饭非常慢.5.饭都是冷的。6.百度客服很负责，多次跟进。但是餐厅售后特别差，都快一个星期了才打电话说给你再做一份，问能不能退，餐厅只会说什么时候再做一份给你？哎，难吃又脏的饭，想起来都吃不下去饭。7.点的石锅拌饭，其实跟盖饭差不多，饭都没有用石锅煲过，酱非常难吃，北化北中医北服的学子们，千万不要吃这一家的饭，吐血的建议。
0,13分钟送到..冷饭
0,"太长时间了,还说饮料没了下次给,也没给"
0,"真的很难吃,这个什么骨汤乌冬面…"
0,以前很喜欢吃，现在送来的是什么鬼？咖喱鸡肉烩面，为什么没有咖喱？？？
0,根本不是肥牛，是猪肉
0,"太慢了,不过菜还行,朋友说有点不新鲜,个人感觉还不错,超爱年糕的说~"
0,"两个字，恶心。蛋太生，沙拉竟然给我一包番茄酱，香肠和土豆泥都没有酱汁，那么干怎么吃？,总之和第一次相比差很远"
0,特别难吃，还特别慢，还很贵，以后连外卖都不想点啦，建议不要再买了
0,太咸了。。。
0,肉给的太少了吧-_-||
0,"等了一个多小时还没到，就打电话催单，我说等了一个小时，接电话的服务员还说，哪到一个小时了！我有必要说谎么？定外卖多送的慢我可以理解，但是接电话的服务员的态度让我很不爽，又查了一下电脑证明我真的等了一个小时才说，送外卖的已经出去了。,还有三明治，料明显不足，不知是受减钱的影响还是受人多的影响。下订单时说多带一包番茄酱也没有带。"
0,"招牌肥牛不错。玉米沙拉不好吃,买亏了。"
0,呵呵了个呵呵，+1r，不开心。
0,酸辣粉就半碗！白菜心吃两口就没了！
0,差是因为缺斤短两，别的也就算了，花生米一个就一克的是事情，也份量不足！这是诚信问题！
0,卷饼里面都是蔬菜！饭呢！骗银
0,配送员态度真差，好像欠他钱一样，不过，菜品还是可以，
0,都撒了，感觉脏兮兮的
0,饭菜不错，送太晚了。
0,送的面食，就提前确认好位置嘛，送了一个小时，要客户一遍遍催，面放一个小时基本就不能吃了。服务态度还行，但经验还得加强
0,海藻跟没洗似的，咸的要死，除了咸没有任何味道，担担面也咸的要死，还是坨的，根本没法吃，全扔了！
0,"菜量少,炒猫耳朵有味了"
0,宫保鸡丁饭是酸的，醋放多了，没甜味。送的凉菜巨咸，齁死我了。就一个汤还算凑活能喝。再也不来了，太难吃了
0,面不好吃！送餐服务不错
0,下午五点五十五订餐成功，七点半之后才吃上饭，酸奶连影子都没看到，味道也就那么回事，蒜蓉粉丝娃娃菜油特别大，烧二冬都是淀粉，糊嘴都，以后绝对不定这一家了
0,素菜做的跟剩菜一样，不如上次好吃了！请及时改善
0,晚了半个小时，全都凉了，我要投诉
0,品味太差，宫爆鸡丁成鸡块，油都太太！
0,点了5串羊肉串，量少的可怜。和在店里吃的不一样
0,烤韭菜也太少了，也没刷酱，蕨根粉的黄瓜丝切的真牛逼粗的能当筷子
0,不知道为什么叫酸汤一点酸味没有，一般！
0,没给绿豆沙
0,"豆腐太难吃,菜也放醋,太酸了"
0,汤洒了披萨翻了…………不开森
0,"6寸正好是手掌大,但是很好吃,送餐太慢！1个半小时！"
0,送了一个半小时我也不说啥了。我这定的不是手抓饼吧？为啥没餐具？
0,今天送的很差…铁板煎鸡碎散，分量不足，并且菜特别少…
0,送货速度太慢，催了好几次，菜还不错
0,你们要是这样、以后不会再点了、可以附图的话我一定会附上等待时间140分钟
0,点过很多次了都不错、今天的我已经等了两个多小时了还没送到、电话打不通、你们是想干什么
0,少送了个盐酥鸡～说稍后联系我～连个屁也不放了～真恶心～
0,"点了两份,送了一份,没退款啊~"
0,排骨饭油腻的很
0,慢死了，等了将近俩小时
0,配送速度太慢！
0,送餐太慢了，垃圾
0,"猪排中间都没熟,我去"
0,整体感觉一般，时间比较长
0,怎一个慢字了得
0,味道感觉没以前好了，包装换的没那么精致了，是为了减少成本吗
0,速度慢的，还能再慢点呢，还有果汁哪去了呢……
0,蛋挞太差劲了，怀疑烤熟没有～～披萨只能说凑合吧
0,迟到40分钟
0,送餐太慢了！味道一般般
0,不能送进校门呵呵。。。
0,"质量不错,效率稍低,送餐较慢等会时间长"
0,刚取到，先来个差评，12点35分送到，以后果断不订了
0,虽说送餐的是新来的，但是2个小时才送来也是醉了……
0,这次我写了我要勺子就给了我筷子，我还特地写了我需要两把勺子还是不给勺子。就不明白了，给个勺子有多难？没有勺子打电话说一声有多难？
0,海鲜焗饭不好吃
0,送餐太慢，定的12点15，结果12点40才送到。
0,"我说带番茄酱也不给带,抠"
0,意面好难吃
0,十分不满意！！送餐员很跩的收了钱连取出快递都懒的做让我自己取！叫了大份沙拉比第一次叫的时候少了很多！！
0,6寸太袖珍了。。。
0,"根本没减单啊,没有优惠啊"
0,薯泥太湿了，口感很怪，味道不好，提拉米苏少了一角，被惊到了~望以后注意
0,"根本就没有送,订了两单,商家说根本就没有看到这单子,没看到单子是怎么完成状态的！！！"
0,连个餐具都没有，送餐态度也不好
0,要的套餐（套餐含饭和饮料），就给送饭了，打电话过去说给补送，现在也没送来，差评！
0,味道不错，比预定时间晚了半小时送了瓶可乐。
0,要的大瓶雪碧没有送
0,早知道是这样的外卖，我就不会买了
0,我的两个中奖瓶盖拿走后就没有下文了，4元可乐居然是灌装的！！！！
0,买了20块够起送价的东西，结果打电话过来说，到我这位置20送不了，得35，又临时坐地起价让我加东西，没办法就加了，东西送到了，汤一看就知道加了好多水，沙拉有股味道，炸鸡还可以。
0,"两个蛋糕扔在一个盒子里,乌七八糟没法吃"
0,"非常差,非常差,咖啡送错了不说，,咖啡全洒了,你送过来让我捧着袋子喝吗？非常差！！！！！"
0,"下次能送早点就好啦,快饿过劲啦"
0,"每次都是一样的慢,就算是提前下单也改变不了什么,迟到了将近俩小时快递员没有一句抱歉只是告诉我以后着急别定他家,因为体谅外送员辛苦所以就算一直等也没取消也很体谅,结果换来的就是这样的结果,感觉很不值得,外送费也不便宜要是店里没人送不了就可以让百度送,总是要消费者承担后果我觉得这事儿有点不合适,（牛肉饭里面的鸡排上面有一片片的红点不知道是什么,以前没有过这样的情况）"
0,没有肉，只有咖喱，汁也很少
0,十点多定的到了十二点多还没送到！我也真是无语了！！直到我要打电话说要投诉才马上送的！！无语到极点了！
0,配送慢，还要下楼去拿
0,"慢不说吧,催了好久,显示刚接单所以打电话取消了,反倒送过来了,已经点了别的餐已经到了,无语了,再也不定商家自己送的餐了,慎重呀"
0,太慢了！！！等了好久好久
0,这也太慢了吧，晚了一个小时
0,点了这么多次，头一次这么慢，晚了一个多小时，打了好几个电话催才给送过来。说周六比较忙，忙的话不能多请几个外卖员？
0,"配送员差劲,态度恶劣,找不着路,还说脏话,菌菇汤要自己拿开水泡,下次不买了"
0,酱都不给，拌菜只能扔了，
0,差评！！！！！一个多小时餐都送不到
0,订餐这么久，第一次觉得送餐服务差到极点了，哎服了！
0,7点20订的餐，预计8点5分左右送达。然后一直没来，我8点40了给客服打电话，客服帮催了，然后餐厅才给我来电话。东西多你早点通知可以吗？我不给客服打电话你们就不通知了？然后9点左右才送到。打电话还和我说送过去了不能不要什么的。你们丫有病吧
0,不怎么样！配菜都不齐，等了俩小时！
0,海带丝着实好吃。送外卖的小哥给洒了。满袋子都是那个汁。那个菌菇汤就是坑。居然是速冲的！还巨难喝。
0,餐也没收到！真心差
0,有点慢，番茄酱没给我带
0,味道一般，量有点少！
0,"太慢了,说好45分钟,结果一个多小时"
0,自己系统问题误了时间，还义正言辞，一点责任没有……呵呵
0,差评，晚45分钟还有理了，饭都凉了，没下回
0,"首先饭还可以。其次多要了打车费,打车费跟饭的价格差不多了都。真不知道他们是没有送餐车还是怎样。"
0,"送餐的人,太事儿了,为难顾客,不自己想办法"
0,点鸭脖两份，就一个袋子，明显量不够，打商家电话也不接
0,时间一长特别不好吃
0,明明要的中辣，结果一点辣都没有
0,哎，要的不辣的，结果送来的超辣
0,"香锅味道与川成元味道相差甚远,无餐具,包装袋也不是川成园的！！"
0,橙子有一个直接是干的没任何水份了！香蕉里面黑了一根！
0,"将近两个小时才送到,距离不到一站地,我真呵呵了,无语"
0,商家服务差超差，要的细米线送来的是粗的，要求退换，给打电话竟然说忙顾不上，还挂电话。在送来的也是坨的，而且还超级咸，是故意的吗？以后不会在点了。
0,送餐员送餐很快。不过米线里面竟然吃出胶带条，我也真是醉了，店家对消费者也太不负责任了
0,差，都太差了，要的全素的给我送来的全是面，还说是我没写清楚，眼睛都有问题该去眼科看看了，这顿饭吃的可不是一点点恶心。
0,米线全撒了！都没汤，米线都漏出来了！！巨恶心！
0,晚上除了麻辣香锅以外没吃任何其他东西，吃了之后两小时就开始上吐下泻，到现在水状腹泻两次，呕吐四次，连胆汁都吐出来了。
0,太咸了！！！
0,每次点麻辣香锅都会迟到。这次还好有打五折的补偿。
0,麻辣香锅味道一般
0,十分不理解为什么要用塑料袋直接装，看到都没有胃口了。想剩菜一样……
0,二十多块钱一小盒，心真黑
0,小炒肉整成回锅肉~~~~~、
0,太咸了，没法吃。骑士礼貌。
0,番茄有机花菜没盖严，汤洒了一兜子，所有菜饭全部都是菜汤，一袋子油轰轰的，打包能不能认真点？
0,勺子筷子都没给～让我用手抓着吃啊
0,"鸭蛋都没拨壳,什么情况,太无语了,头一次吃鸭黄肉丝粥附赠蛋壳的"
0,很差，时间太短了，不好吃，
0,压锅鸡，真逗乐你家那明明就是小鸡炖蘑菇，里面都是粉条和蘑菇，汤特咸再也不会点啦，真坑爹！
0,"难吃到死，不是油豆角，没有味道，非常非常差，排骨不烂呼，很硬，不如自己做的,，非常非常差"
0,金手勺店内的菜不错来着，为什么外卖的这么差，都没我做的好吃，真的不想再评价！
0,越来越难吃了，换厨师了吧
0,这家的特点不是菜量大吗……上次给了很多很多…两个餐盒…这次餐盒小了，还就一盒…心情相当不爽
0,量大。味道一般。速度较快
0,饺子皮厚，褶皱处都没熟，而且破了好多，味道也一般般，素三鲜里有的韭菜一看颜色就是剩的，以后不会再吃这家
0,顿鱼不给装餐盒里，在袋子里汤全撒了，太不负责了
0,蘸酱菜的生菜很不新鲜。锅包肉没有第一次做的好，咬不动。韭菜盒子的边太宽了。
0,"双拼饭要的,川香鸭肠,结果送过来时笋烧肉。。。。"
0,点一次吃到一次头发究竟是为什么？？？
0,非常难，12点多才到
0,足足3个小时才送到！
0,差评，差评，差评！！！！！！！！都没给送餐，把钱退给我行吗？以后再也不定了！！！
0,"付了款但根本没有收到外卖,还显示已送达是什么意思骗钱吗？,投诉请立刻解决"
0,请问什么时候送达的？午饭到晚饭点都没有送来？付账之后就不用送饭了？
0,咋的跟饿了吗不一样的名，坑爹
0,定的饺子没有了，换了别的也没退差价。订的两人份，特意叮嘱多放点醋，结果只给了一人份的量
0,"送的确实有点晚了,等了一个多小时,但外卖小哥特意打电话说明了,送来的时候饭也是热的,依旧给好评"
0,"吃了这么多次九品，今天竟然吃到小强!!!,心情极差，希望店家改善厨房卫生环境!"
0,淡而无味，没有虾的香味
0,饺子送过来都凉了，就吃了两口==
0,送过来迟了快一个小时，凉透了，而且都露汤了，弄的特别脏
0,点的三鲜，西芹，韭菜，送过来竟然全是茴香的！！！！！！！
0,"就住对面实在累了叫了个外卖,67分钟送到,饿过劲了,爬着去爬着回也不要一个小时"
0,太慢了！差三分钟就半价了，刚送到
0,配送太慢了！没拿到餐就在楼下确认订单了
0,经常定，今天不一样了，还减量啦！定两份给一双筷子，以前可不是啊……
0,居然里边有空饺子！里边没馅！配送的很快。
0,"太少了。。。根本没吃饱,20元才12个饺子。。。"
0,韭菜没熟就送来了啊
0,非常不好吃，韭菜的不熟，西葫芦的也怪坏的，而且基本看不到鸡蛋
0,"饭已经凉了,而且晚送了半个小时"
0,送餐不送筷子也是醉了让人怎么吃啊!!!!!有负分吗？
0,要的两个三鲜，来了个茴香和西葫芦，能说什么呢
0,鲅鱼陷有点臭，送菜速度如蜗牛…
0,"饺子一份特别少，真的，也就十几个吧，配送挺好的,饺子不行"
0,订餐后经催促一个多小时才送到，菜和饭都是凉的，吃的很不舒服
0,"再也不点了,大拌菜都不新鲜了"
0,人还没到就叫我下来，骗我说自己到了。
0,"送餐太差,找不到地方电话骚扰,一个多小时才送到,口袋里面菜汤还撒的哪都是"
0,好难吃啊，意大利面粗，肉酱有奇怪的味，披萨饼怎么是酸的
0,巨难吃，鸡丁没几块都在油里泡着，油太大啦！酸辣土豆丝，请问醋在哪里？辣在哪里？不酸也不辣！这两个菜一起点，已经是我多年的习惯，在n家餐馆吃过，只有这家是最差的！
0,土匪猪肝不新鲜，其他菜也不好吃
0,"剁椒鸡蛋的量怎么比前天少了一半？,我写送餐要求的时候不就是让你们把腐竹烧肉多给点么,不多给你别特么的也别给我减量啊，尼麻痹,这不较劲么？"
0,给送的菜都不全，我要两份给送一份，您家倒是挺省呀？
0,这么点菜是几个意思？！气死了。一次比一次少，店家欺人太甚。
0,菜很少根本不够吃，下次不会再点了
0,我要的精选米饭，你给我送过来一个空盒？？？你TM在逗我吗？？？？？差差评！！
0,清炒时蔬你们能换一换别的菜吗？菜都是苦的你们自己尝尝好吗？太难吃了！！每次都是这种绿叶菜，每次都扔掉！
0,吃了这么多回大盘鸡了，头一回吃着鸡汤大盘鸡，一半食材一半是汤真没见过谁喝大盘鸡里的汤的，您把汤汁收干点不行吗做的专业点，我真希望只是我碰到了！
0,"什么味,也没有,一点都不好,再也不会点"
0,饺子太难吃了，再也不定了。
0,无论如何，麻婆豆腐不应该先炸过啊⋯⋯
0,非常不错挺好吃的羊排太难吃了
0,同样的菜品！怎么没有上次的口？不是一个厨师吧！这次没有自己炒的好吃呢？
0,菜味很棒，希望继续努力，支持你！
0,特殊要求写了砂锅豆腐不放海米，最后还是放了
0,送餐用了1个半小时~~~我也是醉了，鱼香鸡丝，半盒子油，超级咸，黑乎乎的...不健康太油了~~以后不定他家了！！
0,外送人员好评，芥蓝差评，太老啦
0,送餐太慢，等了两个小时，无语
0,菜很难吃，大盘鸡全是鸡肉，没看到腿或者翅膀，白菜很黄，像腌菜，要了两份米饭，只送了一份，打电话质问，还说两份在一个盒子里，一个盒子两个人怎么吃呢！
0,肉都变质了，还说是新鲜肉，我就呵呵了
0,武昌鱼和疙瘩汤太咸了
0,"速度真的慢的不能再慢！足足等了1个半小时,有待改进！！"
0,送过来晚了一个小时饭菜都凉了
0,小炒肉太辣，辣椒放太多，凉粉更辣！还有就是连筷子都不给难道要用手抓着吃吗？
0,"宫保鸡丁,鸡丁太干,花生不脆,口感不好,重庆辣子鸡,无香辣味"
0,武昌鱼不新鲜-_-#
0,第一次使用就成这样，所有咖啡撒的到处都是！
0,"还剩余一大部分,撒漏太多,被子外面都是咖啡,没有封口"
0,下次一定不定了，什么都没有，换的黑森蛋糕根本就不是，以为大家没吃过是吧。
0,都化了，不好喝了，想退了
0,餐品送錯，告知也不理睬，不負責任
0,12：19下单，实际送达时间14:41，咖啡洒的到处都是，已经凉了。还跟我说车坏了，车坏了能绕着望京跑一圈？还没送到就点了到达
0,要的无糖！无糖！无糖！
0,来电话说给撒了。让我取消。客服说联系补送。都过了五个小时了没人来电话。这事怎么解决？！
0,"疑似送错,没奶泡,没焦糖,还撒了,送了一个半小时,商家又没超时半价,张嘴就跟我瞎话,还系统已经自动半价,送的貌似是普通拿铁,估计我那杯不知道给谁去了,为别人多花四块,呵呵"
0,"只要用百度外卖,永远只有大半杯。永远不满杯，不知道该通过什么渠道投诉星巴克。"
0,送外地时间都够了，都快2小时了
0,"加了奶油都不到盖子,什么情况"
0,星巴克永远洒半杯，下次收半价行嘛？
0,没放糖，没放奶油，好难喝
0,"点啥啥没有,退单无数次"
0,本来挺好的星冰乐，都化了，52送到的，送餐员都说超过了半小时，百度外卖系统显示50送到的，神马玩意啊。
0,美式洒了好多
0,没吸管，没奶油差评.......
0,为什么经常要撒掉！我没次不说，你们就没个完了？！
0,咖啡杯漏了
0,送餐严重超时！！
0,等了75分钟，我要的星冰乐都变成水了，还有一杯热的焦糖玛奇朵，都变常温了，还撒了好多，真是太次的一次外卖了
0,最差的一次购物。送餐时间长，还送错了。打了十多个电话，耗费一小时才回来去餐，太差劲了
0,百度配送非常的差！差！差！我订了四杯咖啡，约定时间就送来一杯！一会补送那三杯，还说这样不算是超时，真的是太恶心了！从今以后再也不会用百度外卖了！态度真是差到极致
0,"配送速度有点慢,奶油上面没加巧克力,直接就是大坨奶油,百度配送服务很到位,还鞠躬什么的,着实被吓到了"
0,第一次喝红茶拿铁，不好喝啊！
0,送餐师傅也不容易可以体谅，不过这咖啡撒的也是可以的，白色的星巴克纸杯几乎都撒成咖啡色了，其他师傅送也没有出现这么严重的撒漏，只能是希望师傅以后路上小心一些，毕竟买的就是质量
0,慢到无可救药，还洒的袋子湿透。累感不爱
0,没有吸管怎么喝
0,居然没有吸管，请问要怎么喝
0,差评，送到的咖啡袋子湿了，结果拿出啦就洒了，然后快递小哥说让我原价再买两杯可以补钱，结果买了也没补
0,味道没说的。但是配送员是特么骑马来的吗？？付的venti的钱喝的tall杯的量？？洒的我也是醉了
0,奶没那么多了。味道没有第一次喝那么有味道了
0,非常不高兴，多花了6元被百度吞了
0,超级难吃，最差的外卖
0,汤汁洒的都没食欲了。
0,"我就在悠唐星巴克上班，今天只是小伙伴们订餐。你说给的菜量那么少收费还那么贵你让我怎么找小伙伴们要饭钱？非常准时但是星巴克那么大的标志都没看见,说不太过去呀"
0,"大份才半盒,我也是服了"
0,强烈投诉！！！！！！！鸡肉都是碎头！！都是！！！！！！！！和第一次定完全不一样！点大份送来的却是一盘散沙！！明显比第一次给的少太多！！！就连米饭都不满，店家你至于吗？！？更可气青笋不到10片还都切的跟芹菜似的～回头客就是被坑！慎重吧！！！！！我是不会再点啦！！！！！坑人啊！！！！！！！
0,太慢了，味道还不错，
0,微辣的黄焖鸡是特辣，五香的排骨是微辣，难道是我点的不够清楚？
0,知道慢，说早点点吧，快2个小时才送到，怎么那么难做呢
0,十点多预定，还是没有准时送到
0,"送餐速度不是一般的慢,快两个小时才送来,宫保鸡丁饭米饭上面竟然还有咖喱"
0,送餐太慢，晚了半个多小时
0,味道一般，送餐时间太长了。
0,12点不到下的订单，都快两点了才送到，饿死了。。。
0,不是一般的差
0,都挺好的^ω^再优惠点。
0,"太慢了,那么近要一个小时才送来"
0,老公说饭里的鸡肉没熟。我是吃过几次没有熟透
0,等了一个小时40分钟
0,我觉得比在店里吃给的少，预约的12：15分送到，实际11点多点就送到了！
0,平时都很好、可是这次确实剩饭、一粒一粒的、像用水泡过、让我非常不满意
0,送餐员态度不好，餐送到了还要客户下楼取，你怎么不让客户直接去饭店取。餐品一直很好，请继续保持
0,拌菜用的调味汁都没给，以后注意吧
0,"不认路,没零钱,鸡块是腥的"
0,关东煮没有了，打来电话换了藕盒，很一般，怀疑藕盒不是和合谷家的
0,没在我要求的时间送到，到家吃的时候都凉了。这已经是第二次了。
0,分量太少，吃不饱。害我又买了别的东西吃了。
0,很好！很实惠！
0,百度外卖小哥很热情，很好！可惜菜太差了，难吃，糖醋里脊黏不啦叽的，千叶豆腐不是一般的辣，木耳也没啥味道，很多杆儿，木耳品质也不好
0,量太少了，不够吃，都能数过来
0,酸辣粉太一般，不算好吃
0,干啥玩意吃的！餐厅都找不到还出来送！都没取餐还显示取餐了！菜品一般
0,包饺子太慢，让我等了一小时
0,"少送一份拌海带丝，,补送或者退掉都可以。"
0,两个猪肉韭菜结果送来一份另一份变成猪肉白菜了！！妈个鸡吃饺子没有醋吃你妹啊！！！差评！！！
0,送餐不错！只是送饺子怎么没送调料啊？
0,皮太厚，而且全部粘在一起烂掉了，还夹不起来
0,预计下午两点送达，到了三点多联系商家，说已经在送餐路上，四点多接到外送电话，告知刚拿到货准备送餐，五点准备下班货才到，品质也一般，无论是物流还是货品，都让人失望
0,"都歪七扭八的,还都软的变形了,只能说很差,看来大家的评价是对的"
0,羊肉串不像羊肉肉质，板筋咬不动
0,明明点的两份饭，却送来一份
0,送的太慢了，一个多小时才送到。还有就是粥和饼太咸了！没法喝，太咸了。
0,态度不好，反应也迟钝。
0,配送简直慢死了！！！！
0,挺不喜欢给一般的评价的。腊八，特意提早到十点半订的餐，结果还是晚了近一个小时。肉饼和糊塌子都凉了，而且特别的油，菠菜老的嚼不动，黄叶子都在里面。也不知道说什么好了。
0,"送的太慢了,等了近两个小时。。。到的时候粥洒了一半"
0,要的发票没有，餐具也不够，太差劲了，配送时间晚了半个多小时，饿死了都
0,十一点下单，一点才送到，菜量超级少，味道还好。
0,70多分钟以后才送到，就两个粥，一个饼要这么长时间吗？
0,价贵，量少，味道一般，以后不会再来了！
0,送货速度太慢，1个多小时。味道还不错。
0,配送速度太太太慢了。
0,"外卖找不到地址就算了,粥全撒了,都不想要了,麻烦下次请送餐的服务态度好点行么"
0,第一次给差评，凉菜汤洒了半塑料袋，菜全堆饭盒半边，还不够我收拾的，送餐的耍双截棍改行的吧
0,"等了一个半小时餐都没送来,取消订订单打了好几遍客服都没人管最后自动完成"
0,"点了两份粥，咸死了！喝了两口就扔了！为什么弄这么咸！！！！！！！！！！,配送服务还可以，就是粥太咸太闲太闲！！！！！"
0,"饼明显比之前的小太多,虾饺也不好吃了"
0,"粥根本没放盐,送餐服务态度差！"
0,"很难吃,特别难吃"
0,配送时间过长，也不能显示实时状态
0,这菜我也是醉了！不管是订的还是送的！难吃到这样~我也是头一次见
0,17:15订餐结束，18:30接到电话说送餐车被盗，问及多久可以送到，答曰20分钟，19点送餐完成。车辆被盗无法避免，但在第一时间电话告知，或通知其他送餐人员不是首要做的么？在报警且处理完事件后的18:30才给予催单回复，这送餐可真是…呵呵了
0,三个小时，从11:13到14:12，菜和米饭分批收到，也是醉了，做的啥生意
0,鸡就跟半份似的，四块肉，四五块香菇，三四个像鱼丸大的小土豆，这菜太坑爹了
0,"这次跟前几次比起来好难吃啊,可能换厨师了吧。这次的好难吃,菜花都有点没熟,不知道吃完会不会不舒服！"
0,不咋地，还贵！
0,肉饼和合菜都糊了，不好吃，粥很不错
0,菜也太差了，不想说，看着都没有食欲
0,送餐速度实在太慢！快饿出人命了！
0,"差评！等了一个多小时,凉面都热了,不怎么样！！！！？？"
0,等待一个半小时不说，土豆还是生的，此次订餐真是很失望。
0,"炒菜还行,那个扁豆焖面太水了,还不如自己做的好吃！"
0,千万别定他家，这是最糟心的一次订餐，简直气死了，等了两个多小时，等到了下午两点多，商家的电话永远打不进去，实在等不到了让退钱也没给退，永远不会惠顾这家店了，从他家订餐的小心了！！！！！！！！！！！！
0,送的太慢，最慢一单两个小时都没到
0,等待最久的一次外卖，太慢了！！！！
0,香肠炒面不好
0,"太慢了！！！！晚上还不错,中午不要点！"
0,服务态度差得很，送餐速度还很慢
0,2小时后送达，订餐需谨慎
0,送餐速度太慢，将近等了1个半小时，非常不满意
0,我发现这家分店的炒菜全是汤很多，一般
0,"实在一般,送餐速度实在是慢"
0,炒米饭那叫一个粘，而且闷的没法吃！
0,两杯都漏掉一半了。。。
0,送错了，没有美式，给了个小拿铁....
0,"12点下单,13点20才收到,耽误了电影开场不说,咖啡直接洒成小杯的了"
0,晚了半小时，咖啡洒了，没送奶球和糖
0,咖啡全洒了，袋子都坏了
0,"蛋糕要的品种没了换其他了,饮品甜的发腻,鸡肉卷里掺了猪肉,差劲！又贵又难吃！"
0,点的抹茶拿铁送的普通拿铁！
0,"洒了一半儿了得,袋子都浸透了,问为什么,还特有理说全都洒这么多"
0,我的订单是两杯热的，其中一杯给的冰的，还放了很多冰块，不能喝凉的！！
0,送来的经典巧克力洒了小半杯~第一次百度订餐，下次再不敢用了
0,"被送餐员弄洒了半杯,滴的到处都是"
0,给三星是因为送餐很快，但是美式都已经洒了很多，杯子外面都是咖啡
0,咖啡撒了些出来
0,吸管都没有
0,送来的咖啡封口开着，洒了好多
0,难道是过年厨师回家了，替补厨师做的？锅包肉炸老了，咬不动，宫保鸡丁像是回锅的，西兰花切块还能再大一点吗？百度外卖好久，一直都很好，这次实在忍不了了，绝对差评
0,不知道是商家不做还是快递员不送，2个小时才送到，餐到已经彻底凉透，很是无语
0,太难吃了。鱼头泡饼咸死了
0,菜都是凉的，一股腥味，再也不会订了
0,实在是太慢了，等了一个半小时。菜都凉了，锅包肉凉了还能吃吗？
0,疙瘩汤放鸡精太多了
0,农家一锅出有点咸，有点坨，感觉放的什么调味料有些多
0,"锅包肉太甜了。松仁玉米水太多了,感觉没几个松子"
0,今天的菜太淡了。
0,口味非常不错，但是送餐服务不好！而且包装简单，到了的时候，菜汤撒满地啊。。。。
0,和菜量很大。味道也可以。不过锅包肉实在不敢说好。只能说非常一般。完全不是东北菜的感觉
0,这个贝勒烤肉套餐饭为什么没有米饭？只有菜，太坑爹啦
0,做菜一次不如一次，实在是太难吃了，豆角都是苦的，菜价还贵，本想好吃就算了，送餐慢死了，再也吃他家的了
0,菜量还不错，就是土豆丝炒鸡蛋基本没味儿。锅贴做的也和一般店里锅贴不一样…油大…
0,在量上再多点
0,别的都很好，就是汤洒了。。。
0,我让多加汁也没加，怎么吃啊？干了吧唧的
0,我订的外卖，我还订了一根肠，送到了只有饭，肠没了，是不是送餐人员的疏忽呢？
0,"在店里吃的菜量很足,外送的菜量只有三分之一,下次不会再点了,建议直接去店里吃"
0,没有在店里的好吃
0,外卖很快，饭量跟小
0,"炒饭很美味，香辣拉面味道比较一般,面条有些软"
0,大酱汤全撒了！饭里，就连芥末里都是……一口没喝上……快递小哥递到手就走了……
0,"前一次的麻辣香锅不错,量足,味道也可以,这次的酸汤鱼简直了,吃了一筷子就不想吃了"
0,这湖南大白菜还参合一些别的白菜，这好意思？这腊肉是湘西腊肉？还是北方熏肉？坑谁呢？
0,几乎没有牛肉，全是蒜苔
0,小炒牛肉中的牛肉非常少，1两估计都没有；湖南大白菜也不正宗，就是一般的白菜，味道下降不少。
0,"可以给0分么,送了1个半小时,忽悠人呢,不能定了,时间没准"
0,我要加的木耳没加……
0,速度快，清汤的，没辣椒，简直…以后不会点了…喜欢清淡口味的朋友可以选择。
0,"不错,东西很多"
0,送餐速度比较慢，1个多小时才送到，态度还不错，就是包装的撒了好多
0,量好小啊。
0,莫名的涨价了
0,点一份就不给送，每次都是。。
0,"牛蛙是58元一块,跟青岛的龙虾一样！百度外卖要火啦！"
0,送餐很快，菜像剩的，食材感觉用的都是边角料。
0,"点两份鸡柳,就给送,一份。。。"
0,东西少了西兰花，菜花，鸡蛋。我写了微麻微辣，结果是超麻超辣。
0,挺快，味道一般
0,微辣还是比较辣的，味道不错，我定了一份鸡柳，说是上午没烧烤再换一份鸡柳，可只送来了一份，七块钱的事，卖家太马虎，需改进
0,"汉堡王给错货，但快递员人超赞,给联系补货,很晚也送过来"
0,"系统安排能不能优化一下，看地图一个人送那么多家,来的太慢了,东西都凉了"
0,第一次出现这样的情况，打包的小哥给我只装了三份薯条就送过来了，根本没管后面的。
0,差评啥他妈玩意好好的薯条给我弄成馅饼了，恶心死我了！为了多接点单子，让我等了71分钟，薯条都吃不了了，我点了四份打薯条全完了
0,"订单是两份大薯条。就给一袋番茄酱,您能再抠点么？点那么多东西就当一个袋子底下的汉堡已经变形压扁。,配送人员素质偏低。有门铃不会按。大力拍门就像报丧的。"
0,"时间太长！还少了个汉堡和薯条,最后小哥去店里又取了一趟才吃到"
0,态度真差，喊什么喊！CBWD
0,送餐员给我打电话比较粗鲁
0,超时！但是态度挺好。说是第一天上班，勉强给个三星。
0,没有堂食好，最差是薯条
0,一个多小时送到，汉堡还送错了。不想追究
0,沙拉的密封膜竟然已经撕开了！要是普通餐盒的塑料盖也就不追究了！菜撒出来一半！绝对不能吃了，谁知道中途发生了什么？！
0,要的番茄酱也没给！真够抠的
0,跟店里味道不一样
0,"我要的霸王鸡条,可给我拿的是炫辣退保"
0,9:24才收到我订的外卖，严重超时！汉堡已不热，只好微波加热后再食用，已变成了夜宵！食品与包装上的标识不符（两个汉堡的名字全不对），望商家能选用与食物一致的包装袋
0,送来的时候水洒了，汉堡变形了
0,外卖员很辛苦，但是你们店里的汉堡真小。没法给你好评
0,送餐走错路，袋子还破了………
0,"百度好评,汉堡王差评,点的套餐里竟然不给薯条"
0,汉堡王配送的太差！！！我定的套餐，里面的薯条也没有给！！！！
0,千万别点鸡块，鸡翅，鸡肉堡，这家店做的又贵又难吃（）。食物送来的时候都散了，里面也没有餐巾纸。唯一好的就是番茄酱给的挺多。
0,"一般,送错地方了,到了都凉了,不好吃了都"
0,竟然没满减也没百度付减活动
0,食品已经挤烂了。1个半小时送到。
0,比预计的时间要晚到！
0,东西没问题，连锁快餐谁做味都差不多，范个懒想吃汉堡了。快递太肉了。。。11点下单一个半小时后才到，又不是高峰，有待改进
0,太慢了，等了一个多小时
0,送餐很及时，希望百度提高一下送餐员的素质，帐都不会算的就别出来吓唬人好不~
0,少送一份9元的薯条，配送员还说没有点，想糊弄过去，没想到我拿出了送餐明细。傻眼了，说再去拿，就再也没回来，我想说百度你的配送员在跳单，还是职业的！
0,"沙拉没给酱,没给叉子"
0,唉，备注写上了不要芝士、不要沙拉酱！汉堡王还特么给弄了，单子上不是写了么！看了么！？不过最后赔偿了一个，辛苦了送餐师傅再取、送一趟！师傅人很好，猛猛哒！嘻嘻
0,"全都凉了,汉堡都凝固在了一起,难吃"
0,和送餐师傅关系不大，问题是商家没有装够东西，漏放了大薯条，最后补了一个，感觉不像大薯，应该还是中号薯条。习惯好评。没有给差评的习惯。第一次给三颗星。
0,挺小的一个汉堡。。。。真的挺小。。。不过味道不错。。。
0,上次没拿水，这次没薯条
0,和在店里吃味道差了好多，洒的到处都是，感觉是剩下的，吃完了还肚子疼
0,"单子竟然被转派了，,联系标注了电话的送餐员很不负责。,后来送餐来的人态度很好，,虽然迟到了很久，但是解释了原因。"
0,铁板烧汁茄子味道真心不错！宫保鸡丁做的太甜了。水煮肉片味道还凑合，但是肉质太干！
0,香干太多腊肉品质较差，土豆丝火大了面面的无脆干！
0,有些菜没有了，换了好几次，不过味道还行
0,红烧鲫鱼简直无法直视，32块钱两条小小鱼，还没鱼缸里的锦鲤大呢，鱼肉非常少，薄薄的一层，鱼刺超级多，不说了，满满都是泪…
0,菜品做的不好
0,剁椒鱼头换了酸菜鱼，有土腥味儿，很不好。豆腐还行～送餐小哥辛苦了。
0,菜的油太大了
0,鱼籽都散了！量少！不过味道也可以！
0,第三次下单，前两次很快很新鲜！今天又慢，质量又差！好的品质要保持才好
0,一般，送餐态度不错
0,下午5点50做的面，晚上7点40送到，汤面和羊杂汤变砖块，太差太差太差
0,毛血旺里火腿差，肥肠颜色偏重，毛肚牙碜，料还是很足的，味道还可以，其他都不错，米饭给的特多，好
0,快递很赞，食品质量一般
0,太慢了，昨天港丽只用了39分，你们今天用了快两个小时！！！！
0,"凉了,口感很差,非常失望"
0,送餐园挺哼
0,本单实际送达时间为20:47以后，我在20:46时点催单，提示说订单已送达，还没有送到却说订单已完成，披萨凉了，芝士都基本处在固态状态吃的，肉酱面也是凉的，也没有给我们拿餐具，只能我们自备叉子。不懂送餐小哥这么长时间都去干嘛了。虽然他很辛苦，但是对这次送餐真的很不满意。差评
0,送的挺快的
0,太慢了！！都饿死了！！大热天送过来饭菜都凉了？？
0,"送错东西了,要的海鲜饭,送的海鲜面,要的鸡翅,送的培根饭"
0,你们见过披萨上面的料都不在饼上的么…我是刚见到…重要的事说三遍我说了三遍不要香菇和腊肠…我香菇过敏，你让我怎么吃…
0,太慢了太慢了太慢了……
0,没有以前好吃了，只剩干净卫生
0,鳕鱼少了两块，每次都是五块
0,不太好，下次不会在吃了，
0,没有带发票
0,说了送发票，一直没送，有这样的吗？以后再也不订了
0,太可怕了，不好吃啊，送餐倒是很快
0,垃圾，吃了拉肚子，恶心，垃圾，菜也是凉的，饭也不好。劝大家小心，本人亲自体验，实在太垃圾。
0,发票不给开
0,很实惠，味道不错
0,"速度快,味道一般,量小"
0,仔鸡味道不错，鸡肉不是很新鲜
0,今天的饭夹生的…给送餐员加工资！
0,肥肉实在是太恶心了，还不如不放。。。
0,嗯，总体来说挺好的，红烧排骨很好吃，只可惜有点儿少了，而且来的时候没有带发票，希望明天能带过来
0,味道一般，但是看着比较干净健康
0,送货员送错了一份餐，也没有给发票
0,吃完闹肚子、真糟糕
0,"又是非肥肉和海带,.....直接垃圾桶了"
0,"菜一般,给换餐了,不是我点的"
0,油菜怎么变成了水煮白菜还很难吃
0,图片与实物不符...根本没鸡腿
0,商家服务很好
0,你们家的菜越来越少
0,今天的菜感觉都是剩菜呢
0,送的太慢了，等时间太长，送餐的老找不到地。
0,等了73分钟才送到
0,今天的一荤实在是太难吃了……
0,口味一般，价格便宜，饭菜分装，包装很好，送的及时，性价比高。
0,三十元的套餐看上去还没有商务套餐好
0,"妈蛋,米饭里有块儿石头,发现的早,要不牙非碎掉了"
0,"就是米饭太少,没啥缺点"
0,东西很棒，送餐服务很不好。迟到半个小时，也没表达什么歉意。
0,鸡腿真的不如全素套餐好吃，不是想象的那种炸鸡腿，感觉山寨，强烈希望20元套餐回来！！
0,"网页上不是写配送费么,怎么还收3块"
0,送单很及时，不过不知道是不是因为我们三个人订的是一样的套餐的原因，菜量明显比之前单独定的时候少，估计是一起三个一起出的，菜量就明显少了，希望商家可以改善~
0,没送发票，说下次送
0,海带和芹菜那个配菜，太难吃了，丽华88了，不吃了。坑爹。
0,"菜一般,给的还少.,新年来了第一餐不给力啊...."
0,"不错,就是菜有点时间长了,不新鲜了"
0,丽华饭量小了点
0,"便宜,送餐快,难吃"
0,今天菜的味道一般，而且有两道主菜和官网菜单里的不一样
0,不错很好吃
0,"这是儿童餐吗？饭和菜的量都少的可怜。米饭只有一小方块，装菜的格子本就不大，还只装到1/2的高度其中还以菜汤为主，2个荤菜杏鲍菇肉片私自改成了窝笋肉片(实际上根本没有肉片只有三根肉丝)，所谓的奥尔良鸡排只是两片薄鸡片可怜巴巴的躺在格子底，I真是服了You!您这是20元的套餐？我当时真想拍下来传到网上让大家好好瞻仰学习一下，后来想想算了，毕竟这么多年也是你们的老客户了，给你们留点面子吧。不知道百度是怎么跟你们谈合作的，搞活动这13元是你们单独承担还是与百度分担，但无论如何菜品质量下降这么多是说不过去的，要是你们坚持说正品20元套餐就是这样的量，那恐怕活动后不会有人用原价买你们的正品了，那你们做这样的活动还有意义吗？这是专门要砸自己的招牌吗？,另外这款套餐的设计极不合理，你们16元的套餐是3荤2素米饭也比较多，20元的却是2荤2素1咸菜(这咸菜尤其鸡肋，又不是自己做的特色小菜只是普通的几根真空袋装的榨菜，既没营养又不健康而且没用——本来饭就少不用靠它下饭，被扔掉恐怕是绝大多数人的选择)饭极少，真不知道为什么还比前者贵。"
0,送餐太慢了，每次都要1个多钟头
0,一般都是四个菜，今天变成了三个菜，菜品下降，有点失望
0,送的太慢了。味道还可以
0,点的是商务套餐，不过换成鳕鱼了
0,质量变差了，因为定的太多了？
0,"大肥肉,差评"
0,都说啦不要甜的
0,配送员相当没有礼貌
0,"我明确的写了发票信息,结果送餐的硬说我没要开发票,订的是30的套餐,但是送来的盒子上面贴的是12块钱的标签,如果按照价格来说应该是20的套餐,因为不是本人吃的,具体也没问是几荤几素,因为是后来才发现的,就懒得找麻烦了,总体感觉不太好"
0,很快，但是不如原来好吃了。
0,"丽华快餐的,菜,怎么能,这么差,图片上显示的是鸡腿,同事们就是,看着鸡腿定的,送来的确实,鱼块,而且味道有点腥,客服说每天的,菜都是不一样吧,那好吧,但是,鱼块,实在是很难吃"
0,越来越不好吃了，以前几次订还不错，这次是真心难吃，失望了以后不定你家的了。
0,"做的儿童餐吗？,怎么那么少？,还整个商务套餐,商务套餐都不够我儿子吃的,里面那是半荤三个半素吗？,让我如何表达我现在的心情,一个字,坑"
0,"还可以吧,味道可以再辣点"
0,米饭有点生
0,套餐配套的饮料不给了，而且15的套餐也取消了，问送餐人员说是因为优惠活动，所以这些该有的就取消了，优惠是不是骗人呢，给差评
0,跟上次的不一样了
0,就吃了点儿炒鸡蛋鸡蛋
0,建议给备注写多加米饭的多给米饭。
0,下雨天送的有点晚了，饿了吃饭很香
0,送餐很慢，就定了两次，每次都严重超时！本应12“15送到，结果晚了一个小时！再也不要定他家了！！！
0,口味不错，很快。很热
0,中午忙送餐慢可以理解，味道一般也可以理解，但粥里面长长的钢丝算怎么回事？
0,东西不错百度外卖太SB
0,农家小炒肉肉不要太少啊，都是辣椒
0,锅贴里葱太多了
0,送餐速度太慢
0,特别差，好久不用百度外卖了，偶然用一次，80分钟才送到。百度外卖是要不行了么？
0,还行吧，比刚开业时差了一些
0,焗饭外送太失败了
0,外卖真不适宜点焗饭！
0,"不好吃,不好吃,非常不好吃"
0,一个小时送到，而且没给筷子！！从来没吃过稀了巴西的布丁！不是第一次在这家订饭了，这次非常糟糕！
0,"你家这也叫米线？太特么难吃了，还给我清汤的，没辣椒没麻油的，真是再也不想定第二次了，难吃的一B,."
0,包菜就是浸在油里面的，就是油泡包菜，拿水涮都涮不掉…也不好吃…米线凑合吧，比包菜好一点…下次不会再来了
0,"汤挺好喝的,就是米线没有米线味"
0,快递大哥还是很好的，速度挺快的，至于米线嘛，提起来都是眼泪，不仅份量少，一点也不好吃，还不如煮点方便面呢
0,菜量太少，送过来也凉了
0,为什么每次都送这么慢呢？还有这个水瓶已经被开过了是几个意思
0,"咸,不新鲜,少"
0,不知道怎么打包的，全是锅巴，真锻炼牙口！
0,蓝莓山药送来的时候是坏的，打电话回商家反应没有诚意处理，一直说蓝莓本来就是酸的，还让我在电话那头等待了8分钟，最后受不了了，把电话挂掉了
0,滑鸡你妹啊，骨头比肉都多，还以为自己在吃牛蛙呢，你丫见过真正的北菇滑鸡饭吗
0,差评！溜肉段明明每次都是两个半盒，这次只给了一个半盒，打电话过去居然还说是正常的量，当我没吃过啊！
0,太油腻了，味道不好，你吃出鸡头鸡屁股
0,菜很难吃！非常难吃，而且还特别咸，我是北方人都吃不下，以后不会再来了。唯一欣慰就是配送小哥还不错，态度很好。
0,"首先说味道，难吃死了。,其次是，下完定单私自提价，以没有这个菜为由多收两块，网上明明有，下完定单付了钱却说没有。有意思么这么玩？"
0,送餐的没素质！整体评价太次！以后再TM不再这上买东西了！恶心的服务！
0,送餐时间太长，已标注东北拉皮不放辣椒还是放了
0,质量不好，量挺多，味道一般
0,我要的素三鲜居然给我拿的是韭菜鸡蛋的，而且我是孕妇是不能吃韭菜的，我也是够无语的
0,写的水煮牛肉，根本不像牛肉
0,"太差了！配送员把饭都撒包装袋里了,还好意思收配送费,无语了"
0,菜的汤汁都出来了不是特别好很乱
0,肝有点味不对了，倒了
0,外卖小哥人不错，。就是没给我拿筷子
0,菜的味道还行，不过肉不是新鲜的。隔夜肉！其次米饭是前一天的，有变质味！
0,差评，再也不订你们家的了，店员态度也不好，菜也一般。
0,……不想多说，你懂的
0,饭菜本身味道不错，只是服务中的发票太欠缺，昨天订的235的饭只开了205的发票，今天订的99的饭只开了93。下次订餐我会备注补上差额的发票，请及时响应！
0,没有给带发票。。。
0,50分钟才送到…粥洒了一半连句抱歉都没有，还推说因为不好找…不好找不会打电话问吗？订半亩园不是第一次了，以前的送餐骑士都很好，这次真心呵呵。
0,明明备注了把茄子肉末面改成茄子肉末饭的，但送过来的还是面，都成一团了，根本没法吃了，其他的还可以
0,300米的路程等了一个小时才送到，走路都到了
0,都说了，面和卤分开的！每回都忘！！！！
0,以后不用百度了，面条一坨成面疙瘩了，下单后半小时给送货员打电话都还没去餐厅拿呢，半亩园自己就送餐，还没有餐盒费，快递费
0,速度很快，就是蔬菜沙拉没有酱，也没有筷子和勺
0,差的要死，一点味道都没有！
0,送餐时间长，汤已经凉了，口感不好～
0,太久了。。。饭都凉了
0,发错了吧，我要的石锅拌饭，送的是炒饭！！！
0,老板你要我骂人是吧？！预定的七点一刻，你六点打电话来问我送不送，说了七点再送，你就直接把六点做好的送来是吧？！饭都是凉的！做不好外卖就别做！
0,耗时太长！单点的辣酱，原本带的就不送了！
0,一勺一口姜，是不是把姜当蒜，放了2遍？
0,快递小哥很给力，很快哦
0,百度配送没得说非常好，但餐厅真的是无语了，不想说了
0,"感觉一般,小份炒米条里米条真的很少,冷面也一般"
0,第一次用感觉太差了，比在店里吃少了一半的量
0,什么都不想说了！俩小时送到，已经给退了
0,太咸了估计是饭少
0,"大酱汤和辣白菜五花肉饭蒜味真的太重了,吃着快吐了,少放点吧！桔梗特难吃。。"
0,垃圾。傻逼外卖。11点半点的餐。送了2个小时。打电话询问一直推脱责任，没有任何答复和补偿。
0,冷面套餐只有一碗面？难道我记错了？有点凉了，第一次点外卖，不是很满意。
0,"第一次叫正一味外卖！太失望了！跟店里完全不一样！那告诉我为什么咖喱酸臭酸臭的吗,这怎么吃你告诉我"
0,"拌饭不怎么好吃,可能我吃不惯吧,鸡块还挺好吃的"
0,等了一个多小时才送到的，饭也不是特别好吃，芝士没多少
0,送回有点慢
0,辣牛肉里面没有牛肉
0,"好不容易等到了,送错了,重新发了一份,没有看到一块肉,辣白菜是苦的买了好几次,这次是最失望的一次,送餐的是个哑巴,不会说话"
0,美中不足就是没有保温箱，显得略微不太专业，夏天还好冬天就容易凉了。其他都不错。
0,送餐很慢！送来都冷了，味道也不好，
0,"查不到订单的送餐,慢了大约一个小时,呵呵再呵呵"
0,鱼香肉丝不是那么正宗啊，味道好平淡。。。
0,"鸡肉不像鸡肉……,很奇怪"
0,少送了米饭，还拒不补送，投诉后才补送，可已经是很久之后了，店家态度极差！
0,小炒肉还可以，担担面太失败了，又油又辣面也化了，果仁菠菜的花生好吃，菠菜都不新鲜了，不知道是不是被醋泡的。速度一般吧。
0,麻烦给个筷子不行吗！送个小萝卜什么的不行吗！给张餐巾纸不行吗！以前买过别家的会送爽口萝卜！比这个便宜！没筷子只能下手还没餐巾纸！
0,没有在店里吃好吃，萝卜太多了
0,点了三碗汤，不给勺怎么用！！！专门留言要勺了你们眼瞎！！！
0,啥玩意面包都糊巴了。冰淇淋化了我能理解毕竟是夏天，可是面包烤的又难看又干巴。以后再也不点了。没外婆家一半好吃。
0,没有米饭没有米饭没有米饭，服务不好服务不好服务不好
0,烧茄子，怎么还有青椒和西红柿
0,宫爆鸡丁辣椒太多了多的吓人
0,全撒了，一点也不注意配送，什么啊，应该退钱
0,丸子特别多、几乎都是
0,连着买了两次同一家的，饭菜量相差很多
0,味道很差，饭很油
0,吃饺子没有蒜酱。
0,11点20就送到了给我打电话没接到陪笑去拿餐埃顿熊我去我不能每天坐着等您送餐吧我要上班上班要开会开会不能带手机的好不好！能不能让人好好的吃饭了！现在百度外卖的服务态度真是不敢恭维
0,送货人员服务很好，只是点的菜品一般
0,你家送饺子不给醋的？有常识没？配送员也是没脑子？不知道给要一包？
0,订的11:45的餐，结果11:30就到了。最主要是两份饺子没有料，连筷子也没有，建议店主改进下。另外，扁豆丝盖饭味道有点甜，不太好吃
0,速度挺快的，就是菜没什么味道...有待改进
0,餐盒变形，内外全是菜汤子，影响食欲。
0,"百度外卖送楼门口各种推辞不想上来。说了不要太辣其实做的很辣,虽然是辣子鸡丁其实也可以微辣。鸡肉味道不太对。希望不会拉肚子。一"
0,难吃，不健康
0,送餐速度不快，味道还行。
0,"你吗,送了俩小时,太不靠谱了"
0,两个小时才送到，还说路上堵车，骑电动车哪来的堵车
0,太慢了，尤其是晚上，三四个小时真是捉急
0,送来时饭菜露出来来了，叫我怎么吃。
0,看来是没传达我的注解，说了少辣结果几乎除了辣椒没多少菜了。之前给我高分，这次3星已经够诚意了，算是意见吧
0,不仅特别慢！而且宫保鸡丁都馊了！
0,送来的黄焖鸡..我一打开..只有两种可能..是剩的或者可能被谁吃过了...如果大家想感受一下就定..嗯
0,板筋也太少了.一串就四片.一片的边长不到三厘米。
0,送的太慢了。。。。。鸡挺好吃的
0,送餐超级慢
0,"价格贵,东西不好吃,再也不会来了"
0,"酸奶居然过期了，生产日期7月7日，保质期21天，气死了,一直吃这家的外卖，现在配送员态度越来越差"
0,大哥。。。我要的两份黄焖鸡。怎么有个一碗辣椒的东西。。。怎么吃。。。。送准一点啊！
0,几乎只有蛋
0,不好吃。分量少。送货太慢。
0,下午都开始上班了，才送到手里，你说我吃还是不吃？！
0,"他们家是不是换厨师了,为什么味道没有以前好啊？？？"
0,"时间太慢,没胃口"
0,"冷了些,少了个鸡翅。。。"
0,十一点定的，快两点送到，中间饿的不行自己去吃了，要求取消订单，老板答应的挺好，实际还是没给取消。真是服了。
0,"口有点重,干煸豆角已经有些苦咸苦咸了,你们家的盐是马路捡来的么"
0,订了就完蛋了，饿一下午
0,不好吃还晚点！
0,送餐时间太慢，送餐人员想让消费者从19层楼下一楼自取，服务态度欠缺
0,各方面都不如之前了
0,"点了一盒炒猪肝,把猪肝挑了吃了之后辣椒还有75%,这也太省钱了。。。"
0,奉劝老板：如果不会做外卖就不要再做了，顾客花钱是买服务，如果收了钱服务却做不好谁会再来。三次点餐两次超时送达，上一次甚至在我已经取消订单，都过了半小时以后还送来。想问老板你是怎么做管理的？你的员工是怎么想的？你们商家的诚信在哪里？对这家餐厅失望透顶，永远不会再点
0,说了半天不要辣，还是放辣椒了
0,今天的米饭坏了，都有味了，老顾客了，希望下次注意吧！菜做的还是不错的！
0,配送员像2B一样，少了那么多东西也不看看就送，然后一脸不关我事的样子，真心让人受不了！麻烦招配送员的时候也用点心好吗，这个实在是太气人了，送不来爱少不少，爱吃不吃的样子很想让人抽他！
0,"不到十一点下的订单,差不多一点半送到，醉了"
0,太慢了，太慢了，以后坚决不定这家外卖了，10点过下的单，快1点了才送来，期间催单2词以后居然不接电话。。。只好打百度客服，味道中规中矩。唉
0,像是青菜炒肉
0,那咯你们都有些事
0,"特别少,菜也就半盒多一点"
0,134分钟才送到，从楼上走下去，反而送餐员还急了，嫌我下楼慢
0,经常在这里定！今天是比较差的一次！定了毛豆送来花生！经常定肉末茄子…这次菜量相比之前有少啦！质量也比以前差啦！还不如盖饭王餐厅和摩西餐厅
0,送餐时间特别长，2个多小时。。。自己想吧
0,菜的味道还不错，配的尖椒好吃，分量也比较足，价格很优惠，就是这次送餐等了好久
0,烤馒头片太难吃了，感觉像没烤一样。手撕包菜太油...蜜汁鸡翅很好吃，但越来越小。烤虾也不错。烤尖椒插了一个根部都带着籽怎么吃嘛！
0,预计11点送达，12点半才送，送餐员没到就给我打电话，我在楼下等他五分钟，呵呵了
0,等了一个半小时，羊肉串超小，最气的是塑料袋软化和木签粘一起了，一看就是着急弄的，白白的，没味！
0,干锅手撕鸡，鸡肉少，味道一般
0,不是很好吃
0,菜做的一般吧
0,真是慢啊快两个小时了。。
0,点的馒头片没有送…希望下次能补上…
0,菜很不好，服务态度不好，就连米饭都忘了打包了，说给补上竟然也没给送，竟然连个道歉都没有。。。。差评！！！！！！！！！！！！！！！！！！！！！！！
0,一次比一次体验不好，且不说送餐时间延长，其中一个菜真的不知道是用什么油炒出来的，味道实在不敢恭维。如果不打算做外卖店家可以不接单的，但是接了却做成这样，确实让人没信心继续再定了。
0,量挺大的，送餐也及时，就是同事说肉吃着有些不一样。。。
0,2小时啊，可怕极了
0,"还可以,就是花椒放好多啊,味道对我来说淡了点"
0,少送了份米饭
0,压根没送到，也是醉了，说好的饭呢
0,晚点晚的离谱，如果非要吃，建议提前一天订餐，第二天吃就好，否则不要考虑。
0,土豆炒腊肉成了土豆炒土豆，找了好久也没找到几片腊肉！味道倒是还可以！
0,太辣了，不然味道还是不错的。
0,"送来都凉了,真难下咽,下次不会再定了,两个多小时呀"
0,等了137分钟，也不知道是不是想让我吃晚饭，公司同事都在工作，就我在吃饭，老板看我的眼神都那样……
0,配送一点都不及时
0,我都是老顾客了，原来特喜欢这样家店，但是今天真心太慢了
0,外卖速度太慢了！
0,两种口味的饺子给我掺在一起放的！两个盒子不应该一个盒一个口味吗？！
0,没有收到！电话关机！
0,猪肉玉米的一点都不好吃
0,味道很一般，以后不会再定了
0,腊八蒜呢？没有
0,饺子可以，可是24块钱一份的酱牛肉只给不到十个薄片，略坑，难道是百度优惠了所以就这样了
0,好吃，但是外卖的分量只有堂食的一半可价格一样
0,"一般,偏贵"
0,"我备注的醋跟辣椒,辣椒又没有,现在辣椒卖的很贵吗？,为什么每次都没有,送的挺快的,牛肉的饺子没什么味道,以后还是点猪肉的好了"
0,"送的挺快的,但是我备注的辣椒去哪了？,还有韭菜鸡蛋的鸡蛋又去哪了？而且韭菜鸡蛋的比韭菜肉的还少一个,难道现在鸡蛋卖的比猪肉贵了吗,好奇怪哦"
0,"送药小哥态度很差,很不耐烦,怀疑是老板送的货,你们能别让老板干这活么？？"
0,外送的总是跟店里吃差很远，
0,两个小时送过来的…电话还一直打不通…
0,为什么煎蛋放在最古老的白色塑料打包盒里还收我一块钱餐盒费
0,只想说猪手好少。。。。
0,真的不好吃，不过按照我的要求做了，谢谢
0,餐厅说有事儿？！送太慢！！！果断差评，等了一个多小时
0,炸花生米量大，但发干。肉夹馍肉多，但馍硬。蛋炒饭火候不错，但油大。总体都还行，但又都欠那么一点。
0,吃完到现在反胃，全部吐出来了
0,腐竹一股坏了的味道，更重要的是生菜里有毛毛虫，你马勒戈壁的商家，操你姥姥
0,炒饭太油了，饭盒下边一层油，鱼香肉丝味道一般，挺失望的一次订餐
0,"牛肉貌似有股坏了的味道,2次注明要生菜根本没人理"
0,米饭再多一点，就更好了。
0,"没熟,葱嚼不烂,不好吃"
0,相信哥，订外卖一年多了，菜量那叫个少，干锅肥肠38元，三分之一盒，敢再黑点吗？大家看着办吧，送外卖的再好和菜没半毛关系
0,快递小哥很快，服务态度很好
0,菜好吃，所以一直订购，但今天的米饭生硬没熟量还少，菜量也少，有点失望！
0,下单写了配送时间，工作人员弄错了时间，当天就送了。真是无语了。
0,很久前买的，一直忘了评论。不知道是不是凑巧，吃完之后同事们都有不同程度的腹泻。以后不会再买了。
0,我所定的外卖里时间最长的一个，用了三个多小时才送到，本想00点给朋友庆生，结果快1点才送到！
0,这家店的冰淇淋蛋糕不全是冰淇淋，有至几乎快一半是蛋糕和奶油。
0,按我要求的时间送到了，但不是新做的，是冷藏过的，有点失望。
0,和之前吃的不一样，没有芝士，
0,"特别差,少送一个大酱汤,一个小菜,饮料还是洒的！无法给予评价！等再补送过来其他的全凉了！"
0,"送餐速度一般,味道还行可能时间稍长味道不正了"
0,非常不满！！！！搞笑吗？？？汤送过来的时候全都撒掉了，剩下一口不到。仔细看了下，盖子根本就没盖紧，跟快递员没关系，明显是商家打包的时候没盖好盖子，严重不满，气死了！！！！
0,不好吃，巨烂吃
0,给麻麻点的，她吃不习惯。
0,送餐挺快的。就是太难吃了……米饭特别多…几乎没有菜……
0,耗费时间久，卖家态度不认真，食物不齐全，
0,丸子汤非常非常小一碗，炒米条也非常非常少，量也太打折扣了
0,没吃过这么难吃的冷面，不给拿筷子，冷面汤都温了，而且味道特别差，吃了两口就扔了
0,送餐人员素质太差，不适合本工作
0,少收一家钱就直说.还尼玛说都没给钱.放下东西就走了.你当人都是傻逼呢是么.现在百度外卖真心不能用了.要么给假钱.现在又想多收钱.你是没见过钱么.
0,送餐速度很快，味道一般
0,"还差三分钟就可以半价了,真是太慢了"
0,点了乌冬面送来撒了，完全没包装好
0,"订了一份大酱汤，送来后一看，好少，都没吃爽，最后米饭剩一半，好浪费(⊙o⊙)…,鸡块还算可以！"
0,速度快，五花肉都是肥肉，米条就几根…
0,挺好的…但是没有在店里好吃…
0,很失望，不好吃。
0,"送餐太慢,冷面简直不能吃,汤太少了,面还是一大坨"
0,汤依旧是难以下咽
0,"这个送餐员没有给我拿勺子,我点了汤！怎么喝！也没有给我拿发票.我都备注了！！这么多回头一次差评！"
0,很难吃，特别咸，米饭也不是用砂锅做的那种，很失望
0,和老公吃完双双拉肚子
0,饭盒还没小盒八喜盒大，根本不够吃
0,个人感觉味道很一般
0,量很大但是竟然拌饭酱都要单独买，而且五花肉拌饭只有可怜的两片肉。。。
0,送餐超快，但是超难吃。。。
0,差评，差评，没吃过这么恶心的冷面，一口就吃吐了
0,来时都凉了
0,留言说了不要胡萝卜，还是放了好多。。。挑了半天才能吃，心塞~~
0,外卖员把汤全洒了，菜还是凉的！绝对差评
0,一共吃到一小条牛肉丝儿，吃完胃疼不行
0,第二次叫这家外面，发誓再也不会订第三次；第一次是冬天等了两个小时，饭凉的还特别难吃；这次是等了一个半小时，三盒饭连袋子都没有，全是油…最奇葩的是，筷子沒有任何包裝就在手裡拿著，叫這家外賣的請自行準備筷子！然后再次刷新了难吃纪录，汤里的豆腐是酸的，太难吃了全部扔掉重新叫的别的，两次都这么差，真是绝了这家！
0,没有汉拿山好吃
0,味道不怎么样
0,以后再定是孙子
0,送餐非常慢，一个多小时，距离只是马路对面而已！而且有两分套餐还是冷的！
0,"饭菜都是凉的,速度还慢，再也不会买。"
0,芝士没有看到芝士……实在太慢了，不打电话一直催，根本不取餐，一个半小时都过去了。我等了这么久，居然说还没有取餐，我不高兴再等十几分钟就取消。。。坑爹啊。。。
0,送了俩小时！
0,石锅饭还是不好外卖～五花肉是半熟的，吃了一块一会就拉肚子了……还是应该在石锅里焖熟再吃比较好
0,味道还是挺不错的，但是配送太差了，很多东西都洒出来了，特别是小菜，弄得哪都是汤汤水水的
0,等了70多分钟，餐都凉了
0,一个多小时送到！打开之后发现饭都是凉的！！！差到家了！
0,"一个半小时送来,还说他们忙！！！！！忙就不要开店了"
0,超级差，都快两个小时了没送来，我定的是晚餐吗？？电话也打不通，定他家的饭能等出胃病来！已经打客服差评了！
0,到的时间比约定晚20分钟，菜都凉了。不好
0,到的晚，都凉了，菜品汤也洒了出来，脏兮兮，炒饭里也没看见芝士！
0,第一送餐人员不叫敲门，用脚踹门。第二我吃完1小时后开始闹肚子。疑似菜品不干净。菜送来已经凉了！失望！
0,可能是距离较远，饭到了已经凉了，辛苦了
0,全是冷的，饺子都快变成冻饺子了
0,让人崩溃的慢，将近两个小时送到，我真服了，等到都感觉不到饿了呢，这点值得一赞啊，这上边的大约送达时间让人不敢恭维啊，差距有点大
0,等的太久了，送餐时间太长，口味也极其一般，下次不会再定。
0,牛肉汤不正宗哦
0,拌饭外卖实在不好吃
0,百度的服务还是很不错的，辣牛肉汤味道也不错，可惜送达的时间实在是太晚了，我都是冰冰凉吃的，唉，非常委屈
0,煎饺还不错，冷面一般
0,拌饭酱放的太多。难吃。建议这个酱可以做出小包装，客人自己加放。
0,饭都冰冰凉了～
0,接错单了，时间长了些
0,"饭菜都凉了,而且给的特别少还不好吃"
0,一个多小时才送到，超级慢，到了东西也凉了，厚厚一层油挂着，根本就没法吃了！！！送餐的人说是不认识路，找了很久，怎么着？地址写得好好的，自己业务不熟路都不认识就成了来晚了的理由了？没天理了，太过分！！再也不会用了！！！
0,10点多下的订单12点半还没送到，建议soho现代城和建外soho的小伙伴们以后不要订他家了，估计是做出来等凑够一定数量才送的，也好意思叫“正时送”？饭菜都是凉的了，五花肉凉了那种腻腻的感觉，你懂的。另外百度外卖以后也别用了，补贴多但是不是涨价就是饭菜量抽调，对这些没法按时送的也不管理，根本不无法保证消费者的利益
0,订两份送一份，第二份等了四十分钟也没送
0,"辣白菜五花肉石锅拌饭套餐特别凉,凉的透心凉"
0,太一般了，这个价钱不值
0,呵呵﹉一颗星都不想给你
0,"这次东西没少,但是为什么每次送来的汤都是凉的,昨天是勉强有点温度,今天我的是彻底凉的,你们是把剩的给我送来了么"
0,送的这是啥啊，饭是夹生的，汤是温的，太能糊弄人了，这是第一次也是最后一次，这要是在店里，肯定要他给我换啊，这送餐还不是饭点呢。无语的狠啊，擦
0,送餐时间挺快的。味道实在难以下咽。吃了两口就扔了。
0,菜品有点凉，味道还可以
0,送的好慢，说是店家少做了一份。。
0,第一我想说的是送餐：不知道是什么原因全都撒了。第二：我想问问这个就是一切以实物为准吗？（与照片及其不符）警告后面订餐的朋友，请慎重。
0,鸡肉很嫩，但米饭不够热
0,性价比太低，而且味道一般
0,"关东煮送来的时侯,里面都没汤了,筷子和勺子,都被汤浸泡了"
0,真无语了，我写别忘辣酱有什么意义么？
0,订三份送来两份，有一份还送错了，
0,不好吃，真心不好吃
0,"一会给送,一会不给送,脑子有病？"
0,外卖19:35才送来，饭都凉了，只能拒收，卖家服务态度极差。希望百度严惩黑心商贩！
0,辣五花石锅拌饭一般，韩式㳂菜汤還可以
0,太慢了，打电话催单手机还关机，两个小时才送来
0,不好，都已经凉了。...
0,满一百没送可乐，差评。
0,就是量太少了，给同事点的貌似都不满意，请客没讨好哦
0,菜和米饭都很少，根本不够吃，送餐没到居然自己点已送到，真搞笑！
0,送来的时候冷掉了，饭也很咸，汤特别粘稠口感不好
0,"有的时候因为App设计点错送餐地址,这时候取消了再下单,就会被店家取消订单,导致没办法订,很无奈"
0,味道不咋样
0,差评！辣白菜五花肉石锅拌饭超级难吃！五花肉又硬又难吃，感觉不新鲜。以后再也不会吃这家店了
0,套餐不值，上面写的土豆泥，结果送了点小黄瓜。。。。。。。。。
0,送餐太慢，每次都超时
0,没有蛋羹！！！蛋羹！！！我点过很多次了，唯独这次没有蛋羹！！！
0,"不少送餐高峰定的,所以很快,但是很难吃,凉的"
0,买的是金枪鱼的，金枪鱼料特别少，跟在实体店自己买的能差一半，真是特别不满。因为不在实体店就这么糊弄消费者吗？很失望。店员把偷工减料省下来的食材做什么用呢？？
0,这家什么都没有，不能加芝士，不能加蛋酱什么的。最后连蟹肉都没有，按照相同价格换的，居然又说要价钱，送外卖的跟店家没有沟通好，要自己沟通，没道理的！外包装的袋子还崩了特别多泥水，都没有单独的外卖箱的吗？不愉快~
0,"基本上都挺難吃的,不會叫了"
0,"粥里面都是虫子,一碗粥里面找出五只虫子，给店方打电话还说不可能,，我有照片！！！"
0,"皮蛋排骨,送成皮蛋瘦肉"
0,"配送员很好，很快，还帮我要咸菜。我得了肠胃炎，只能喝粥吃咸菜，订餐时备注了想要点咸菜。后来配送员跟我说他管商家要了，但商家不想给。注意是“不想给”,而不是“没有”。于是我就索然无味的喝了两碗粥。千方固元粥感觉米特硬，可能没熟。小米粥还行，但因为先喝了固元粥，小米粥的香也体现不出来了……"
0,味道不怎样，量也小
0,餐厅连餐具都不提供
0,送餐用了82分钟，收到已经变成一坨了，百度服务去屎吧！
0,"粥太难喝了,有股馊味"
0,选了要发票，但却没有
0,百度外卖大骗子...骗人下单...
0,京酱肉丝的肉是臭的，味儿特大！玉林居然会用坏原料，真是意外！以前经常去玉林吃饭，这是第一次发现这么严重的问题！玉林应该严肃查查！
0,烤鸭太难吃了，根本咬不动，不过百度外卖很给力，取餐速度超快
0,味道跟餐厅吃差远了
0,连续两天出问题，投诉！
0,麻酱两块钱，给了一瓶盖子量！地瓜片是生的！超级大差评，说的微辣，一打开全是辣油
0,"40块钱的面,就一块肉,还有啥可说的"
0,菜撒了一半，多用个塑料袋装弄结实点儿没多费劲吧
0,牛肉面送到已经变成面块了，时间太长了，这也就算了，更可气的是牛肉面里有头发，以后再也不会吃了
0,实在不应该叫外卖的，送错地址后，再等他送过来，面都已经不能吃了。真后悔！！！外送员也不容易，算了。以后再也不定了。
0,面的味道还行，送的晚了15分钟汤全洒了不说，送餐的人还多嘴多舌的，这顿饭吃的很心烦
0,面条都烂了
0,饭送来全撒在外面了，一点都不想吃了
0,"裙带菜没有,送，带来很大不便"
0,"垃圾,三个小时才到"
0,压根没送达，送餐员东南西北都不分，要退款
0,1点半订的，到了2.47的时候打电话过去说是还在店里，还没做好，这特么是搞毛啊？订单还显示已送达？卧槽，送给谁吃了啊？气死了，两个多小时愣是没见到饭，怕退订竟然私自给提交了，我也是服了。
0,为什么明明还没送到，就显示已送达啊，害我紧张半天，以为骑士带着我的牛肉面失踪了。
0,怎么老少东西啊？鸡枞菌两份只给了一份，花生米也没给，还行不行了，就这样也叫做生意？
0,过桥米线味道不好，竹筒饭就一点点
0,时间太久了，米线到这里已经烂掉了，送餐太慢
0,差评，你是收了外送费的好吗？有点责任心行吗？你是掐着超时赔付之前的点来的吗！等了一个多小时，送来全是凉的，连餐具都没有，让我手抓吗？明明取餐挺早的，却这么晚送来！！您是去吃饭了吗？
0,没提供筷子，派送员不带零钱，简直奇葩。
0,要的醋没给带！
0,少送了一个肥牛啊！！
0,有点坑爹，点了三份牛肉只放了一份，点了2分鹌鹑蛋只放了一份，点了两份泡菜只放了一份，偷工减料！！！！
0,"恶心,点了那么多次,送个餐盒还要两块钱"
0,米线没问题、可是送来汤全洒了、写了要带辣椒也没有带
0,不要点番茄肥牛，因为里面没有肥牛，不要另加肥牛，因为另加也没有
0,非常糟糕的送餐！！！！！nmd送個東西歸龜毛毛的點的餐還來的不其！！！特別糟糕！！！！！！！！
0,配送超级慢，垃圾！配送超级慢，垃圾！
0,"辣炒肥牛没有辣,卤肉饭没有肉"
0,"特别慢,东西一般,没有餐具和番茄酱"
0,"我的黑胡椒鸡排送餐员告诉我忘拿了被换成了,王老吉,心塞！！！,还有我感觉我的炸鸡块好像被吃了,有一块肉,一半被吃了的样子"
0,送餐很慢，一个半小时，催了好几遍。味道还不错。
0,寿司绝对是剩的，太难吃了，冷面硬
0,"拌饭的质量,简直了,难吃"
0,没有辣酱，算什么拌饭
0,非常无奈，饭看着就不好吃，还不给筷子。联系配送员配送员不给送，联系商家商家说让我下楼自己买筷子，真逗，说下次再订的时候打折，只能说没有下次了，奇葩餐厅。一星都不想给
0,谢谢店家让我第一次认识到荞麦冷面也是可以做到这么难吃。不要说不会再点你家的冷面了，短期之内都不会碰冷面这玩意了。
0,串串有油臭味，不知道是油的原因，外面那层肉不新鲜。希望提高食材质量。今天买的串都扔了。
0,饭又少又硬，不好吃！
0,送餐太差了，大酱汤全撒到袋子里了，沙拉的盒子是坏的！
0,"石锅拌饭量太少了,太少"
0,一份饭还不够三岁孩子吃呢
0,"觉得不是很好吃,略咸蛋"
0,作为老顾客的我想说，绝对变味了。那五花肉泡菜饭两片肉，还没熟，简直恶心死。咬了一口老妈直接吐了其他全扔掉。海鲜豆腐汤也变味儿了。确实有一段时间没叫你家了，变成这样简直囧。
0,"很方便,！但是就是太慢了！都超时了！但是送餐员态度还是很好的！提前打电话联系。"
0,价格不便宜，外卖包装太简陋，饭的量也非常少。
0,味道一般。来的时候已经有点凉了
0,饭和菜一共就半碗，一个鸡蛋也没熟，没肉，30，真差！恶心！
0,外卖比在店里吃差很多⋯⋯
0,量少，但是女生一个人吃还行。快递还还行吧，但是等的时间很长
0,食品味一样，但是打开餐盒后发现竟然裂了一个到底部的口子，如果直接在那家店买给餐盒也不会裂口的，不知道是不是故意拿了一个裂口的装的
0,难吃～石锅拌饭居然没酱～而且刚好晚了29分钟
0,点了一个石锅拌饭真的好难吃
0,送的很慢送来的时候凉了
0,第一次用百度送擦的！太失望了！足足等了1个半小时！！！
0,特别差，这哪是拌饭，不要买了
0,冷面不好吃，但送餐速度很快，还不错，以后换别的吃试试
0,量实在太少。。。吃不饱
0,没有肉→_→
0,服了你们的外送员了，五十米的路程走了半个多小时
0,"送错了,打电话要求补送也不送"
0,"肉太少了,放了好多黄瓜丝,啥味道也没有,不辣,不是湘菜"
0,鸡都没有半只，太坑了！
0,支付宝一用就给我退单，到付就行，明显是不肯优惠嘛。。
0,怎么一用支付宝有优惠就不成功啊？什么意思？有本事别弄优惠这项啊！
0,送餐速度太慢，希望赶紧改良
0,送餐师傅很给力，饭相当难吃
0,他家的味道还行，就是都凉了
0,红烧肉饭四块肉
0,菜的味道还不错，有点儿油。送餐员态度很好，天气热真的很辛苦，谢谢了。
0,要是能再快一点就更好啦，榨菜肉丝面味道不错
0,"实在是太少了，也太贵了，四十多块钱就给五块,小排骨，另一个四十多块钱给了也是五六块猪手，应该是不到一个猪蹄，是不是快下班了，都没有了。不说了都容易！"
0,面送过来就会坨了软了，口感不好，其他还可以。
0,还不错。红烧肉分量足，但是有点小腻
0,太油了！！！
0,备注写好要生菜，结果送来不是
0,"根本没送到。等一个多小时变成送达。,不知道送哪去了。"
0,餐具很好，米饭还好，菜次之。
0,菜量很小，味道一般
0,"没送,直接关单"
0,差评！定的时间是12点一刻，结果刚11点就送来了！果断退单。送餐前不看时间吗？
0,直接少找我5毛啊，也不提前告诉我
0,刚刚订完，打电话取消，都没取消成功，还是给送了，搞得课都没听好，订餐需谨慎，订了就不能取消
0,下单一个半小时才确认，送餐太慢了
0,"根本没送来,我很佩服"
0,请问送到哪里去了？没收到
0,没有久久鸭店里买的新鲜
0,第一次送的时候少了一份，沟通之后很快送过来了，但是订单的金额和打印的小票金额不符合，再给商家打电话也没人接，还是后来送货小哥帮着解决了
0,根本就没送
0,"味道一般,鸭翅有点酸.鸭脖太硬"
0,买了10个鸭头，送来的时候也没看，吃的时候才发现少了1个。
0,久久鸭的口味偏颇，辣味不是很浓。总体而言还行。但是没有餐具，虽然我的单里说明要餐具了，这是一个遗憾！不过送餐速度很快！
0,"送餐很好,吃的一般"
0,很小份，有点贵
0,"很不好吃！没有一样满意的,除了送餐员很好"
0,0星，受不了这app的假状态
0,"不好吃,量好少,味道还不好"
0,主菜很失败！！！
0,凉皮一点也不秘制好么，还不如街边卖的有味道。肉夹馍已成肉饼，再不会光顾了。。
0,配送时间真无法保证
0,肉夹馍不错，但是凉皮味道真不怎么样…南瓜饼也不错
0,噢噢噢哦哦5掏空了快乐
0,不好吃不好吃不好吃，什么里面都是香肠！
0,味道很一般…
0,"送到时间很晚,完了半个多小时送到的饭都是凉的,全是硬坨"
0,没吃过这么难吃的凉皮………还不如路边摊………
0,从取餐到送到花的时间太长，关键只有两公里的路，送到面都不能吃了。
0,不好吃。羊肉泡馍。肉夹馍还挺好吃的
0,秘制凉皮怎么那么多油啊。。跟西二旗那家有点不一样。太油腻了。肉夹馍还可以。
0,12点订餐，2点准时送到，酸汤扯面一点汤见不到，面都沾到一起了，尼玛呀
0,面到了已经粘成一坨了
0,难吃，还贵，明明在线支付了25元，饭到了，单子上却显示支付了18.85元！这是怎么回事？
0,太慢，7点43定的，8点48才送过来，比预计晚了二十多分钟。
0,这是酸辣粉吗？太难吃了！其他还好！说过的不放醋，还是放了！
0,速度太慢！配送员态度不好！车子没电！请把工作提前做好！送餐距离只有1公里！84分钟！太“神速”了！还有不能在预计的时间内送到就不要写上！
0,凉皮还可以，就是觉得太辣了
0,很快，就是没发票
0,快递再给力也没用，饭太难吃。。。
0,凉皮没放盐，一点味道都没有，不满意的一次外卖
0,"还行,一般般"
0,还行吧～味道不太能适应
0,第一次订餐，非常差的一次订餐体验，订单成功后一个多小时后送餐员说：饭还没有做。。。让我给客服打电话，跟客服说了尽量退掉，没有给明确答复。。。。。真是奇葩。后来三个小时左右饭终于还是送到了，只送的水盆羊肉，凉皮没送，说退了，但我没收到任何信息，退货订单里也是空的，你们真是让我开眼了，也不知道这钱去哪儿了还退不退，何时退！第一次订餐，估计也是最后一次了！
0,从来没有吃过
0,一般吧，以后也不会再点了
0,羊肉泡馍太咸了啊
0,下午1点送到的，面都坨了。没有吃
0,本来是常客了，可是在肉夹馍里吃到了一根黑毛貌似是鼻毛，什么都不想吃了，以后还敢定谁家外卖。。
0,羊肉泡馍没有了，换了卤肉饭，差价7块，只给了我5块
0,我等了两个多小时才到，一份饭没放盐，零一分直接泡成面粉了
0,太慢了，送了两个小时
0,"漏了鸡翅,钱没少收"
0,没有收到餐。。
0,棍棍面送成扯面了
0,不好吃，太油腻、有些干！
0,难吃，而且要的酱香的，来的是辣的，味道还难吃，真觉得是假的拿度
0,特意打电话给商家，说菜品不要放香菜，店员也应承了，结果还是放香菜了。态度有问题。
0,培根嚼不烂
0,西瓜汁都酸了，以后不会再买了
0,什么玩意，清汤寡水的！
0,菜量小，那送餐用的车箱太脏了。
0,味道还好，但是送餐实在是太久了
0,菜越来越少了！米饭也少了！
0,吃得不过瘾。
0,"蒜苔肉丝饭咸死了，差评,其他还不错"
0,好吃。但是送餐时间3小时
0,好咸好咸好咸，两份菜下肚估计吃掉了2量油1量盐，虽然盐是属于腊肉的但油是属于肥肉的。不过咸到这个程度我也是醉了。送餐大叔态度很好。
0,3个小时没送到，打了2次电话说会联系我就没结果了
0,"服务态度差:打了10个电话都没接通;,送餐速度极慢:,2个多小时才把饭送来;,送餐员态度极其恶劣,竟然威胁恐吓我们,定过的的所有餐厅里最差的"
0,2个小时送餐时间，但是商家说下次会送一瓶果汁补偿，给个4星吧
0,速度好慢，性价比还可以
0,10点50下单，店里电话一直占线，经过多次网络催单以后，12点50分才送达。和这种糟糕服务和效率的店家合作，百度外卖迟早自己把自己玩死！
0,送餐时间超慢
0,菜凉了就忽略不计了，最搓火的是辣椒都柴了好像都没有炒熟。真是痛苦的订餐经历！！！
0,还可以，比预计时间晚了一小时到，不过还好
0,都凉的！没怎么吃
0,辣，饭冷啦，都两三小时才送来慢
0,太慢啦，2个多小时才给送过来
0,送的是在是太慢了
0,饭还行，催单的时候接电话人态度不咋地。
0,味道还不错，但是不是第一次送延误了，这次貌似还给送错了。。。等了好久饿过劲儿了已经，本来很好吃的西红柿鸡蛋都凉了。。。送饭过来的时候连声抱歉就给个三星吧。希望以后改进！
0,太慢了太慢了太慢了，饿死了，味道还行！
0,菜是凉的。11点10分下单，13点才送到。
0,没饭了还是不想送了呀。我们十点半点的餐，你们十二点打电话告知我们点的餐没有了，什么人啊，不想送也不能耽误我们店别人家的，我看你们干脆倒闭算了，气死老娘了。差的我都不想再说你们什么了
0,"今天送的超慢不说,还送错了,明明点的排骨豆角给送的黄焖鸡,最讨厌吃鸡了,但是时间太长好饿还是吃了,只吃了一块,好难吃,为什么不打电话问一句给我送别的也行啊,为什么是鸡肉,太讨厌了"
0,11:10下单的，等送到的时间是差十分钟2个小时。
0,土豆都没熟！牛肉做的太老了～
0,恩，不错，吃了一次，上了3次厕所，
0,吃了这么多次了，这次竟然有块大石头，不注意还以为是猪血，太吓人了
0,面也太少了，才半盒，我就没吃饱
0,咋的了？送餐员啥态度？办公室门都不进扔门口桌子上了，门口没桌子你打算给我扔地上啊？假期结束你心情不好啊？我还心情不好呢，吃你们家东西多少回了，现在都这样态度了，米线碎了都
0,配送员态度很无语，哎
0,只有5块肉，越来月不地道了
0,"面太软了,味道一般"
0,点错了！还没到
0,送餐的师傅，服务质量太差，送过来都已经坨了
0,电话接线人员服务差
0,接线员的服务态度差，都不敢打电话咨询了，其他方面很好
0,接线员态度极其差
0,挺好，评分给的低就是针对服务态度，接线员工态度太差。建议以后订餐能等就等，别打人家电话催单
0,"真他妈的慢,我等了两个小时,打客服电话也没人接"
0,吃了这顿饭，拉了一晚上
0,永远不看备注
0,等了将近一个小时，快饿晕
0,吃的菜里头有清洁球的钢丝
0,两个小时，也是醉了
0,送餐太慢，送过来都凉了
0,不值。没有20元的感觉
0,送餐不守时，理由一大堆，太难吃。0分
0,送餐时间有点长，凉菜海带丝没洗干有沙子
0,为什么烤肠付钱了，怎么没送啊
0,送的速度太慢等了一个半小时
0,实在慢得不行
0,超时不少，饿坏了
0,这时间很长啊，快两个小时了，今天是例外。
0,订餐1个半小时不见餐，催了还挂电话！
0,真特么难吃
0,等了快2小时！饭盒还烂了！送餐服务还差！
0,送外卖的把饭放在门口的桌子上就走了，都没有告诉我一下，害得我像傻子似的等着，要不是同事告诉我门口有饭让我去看看，我现在还饿着呢！
0,我是11:36下单，13点才到，我打电话催了6次，我无话可说了，希望老板能改进！
0,外卖员很差外卖员很差外卖员很差
0,相当差劲，炒的鸡蛋炒饼感觉都坏啦，牛肉18元就几块太少。木耳的量还可以。
0,辣口，比较油腻，一共五六块鱼，其中两块是头骨。没吃饱。。。
0,太一般，跟图片差距太大了
0,不推荐的一家，点的牛肉面，超级难吃~~点面的慎重！
0,实在是太慢了！
0,"米线好多,没有店里好吃,但是还可以啦"
0,馄饨没给勺，要的烤肠没烤不说还是酸的，唉
0,卤蛋点了没送！
0,牛肉特别少，为什么啊
0,"土豆好几块都没熟,一次性餐筷有异味,米饭我不行跟旺德福差远了"
0,牛肉太老了
0,非常遗憾，代金券和立减优惠不能同时使用了。真是痛心疾首啊！
0,骗人的，那么难吃，还卖那么贵，根本不值，米线就是方便面调料加菜，不信的话可以试试
0,"外卖不及进店吃呀,，不是新鲜的。"
0,米线汤都洒外面了
0,"原来有牛肉-,-就是混土豆里太少了没看见。。"
0,"猪蹄每次大小不一致而且太肥过于油腻,配菜应该是海带丝,所以整体一般希望改进"
0,配菜的酸菜很难吃。建议换成茄子，这个味道不错，能吸引不少人。
0,送饭晚了20分钟。菜的质量很差
0,送餐慢点要死，十一点十七定的，一会说开始送餐了，结果等到快一点还没来，马上都上班了，打电话问，刚送来，没送干嘛以前很早就写派送，等了将近120分钟，吃的午饭一点不爽！
0,再也不点了～
0,我点的是酱香排骨面，竟然给我送的是香辣排骨面！把我辣的不行！很失败的一次服务，送餐！
0,差评！饭难吃，送餐慢！
0,送外卖的啥态度？打电话五分钟下楼拿他就走了，然后再打说让我再等十分钟
0,太难吃了，跟以前吃的明显两个样，送餐也很慢
0,一般，很一般
0,今天的饭真的是太令我失望了，从来没见过这么烂的外卖，菜花都是至少三天前做好的，根本没法吃，看看就恶心！！！！！！！！！！！！！！！！！！！！！
0,说12点06送达，结果13点20才送到，送餐速度太慢了，不过价位便宜，还是挺值的，以后还会继续订餐的
0,这个牛肉也太少了吧！
0,"送餐时间太慢，完了近一个小时!,以后不订了！"
0,送错了，丸子变成了米饭
0,速度太慢，一个半小时才送到
0,"四喜丸子一点也不好吃,鸡蛋西红柿太咸"
0,送的太晚了！
0,骨头太大啊
0,等了一个半小时，16：47下单，等到七点多，到了牛肉太少，土豆块里面没熟，不知是不是把我落下了，后来仓促做出来的
0,已经三次了，送到我这就全撒了，光收拾就得10分钟，你们的外卖员能负责点么！！！
0,郁闷死我了
0,"两个小时送到,送到菜都凉了"
0,突然收配送费了，不习惯
0,"本来不错，汤里有只腻虫,伤得不行..."
0,从来没有订过这么慢的的餐，直线距离不到800米，非下雨天，能给我送近2个小时
0,我的卤蛋去哪了？少了
0,特别慢，等了一个多小时。个人感觉不好吃
0,服务态度很差，让人等将近两小时也就算了，还少送一样，给打电话送少送了，还说让等下次点时一起送，这么差的态度谁还点下次啊。凉拌米线也很难吃，感觉糊弄的态度，简直一个差字都不足以评价了
0,送了两个小时都打电话说取消了，还送来了，我狂晕
0,饭菜都凉的，一个多小时才送来
0,饭菜挺好吃，送餐时侯慢点都把菜洒了，
0,太慢。。。1个半小时才送到。
0,"外卖就是送到家啊,有一个小点的男生每次他送就喊到楼下拿。本来五分钟走着都到了今天竟然送了两个小时。"
0,态度太差！
0,"速度太慢,等了两个小时,但是挺好吃的....."
0,第一次遇到送餐能送这么久的。
0,菜很好吃，就是真的送了2个小时，还想着错过高峰期10点多一点就点了餐，结果……
0,"还行，小炒肉,就是不辣"
0,"送餐速度一般一小时左右,等待太漫长啊,味道还不错"
0,比预定时间晚到了一小时又15分钟，送餐员说找不到地方，拿回去换人再送，不会打电话问吗？？？？？我们这里每天送很多餐，就你找不到，猪脑袋！以后再也不定了
0,味道也就那么回事吧，米线给的量好大，一半都没吃完
0,差差差，不到十一点定的，十二点半才到，整整脱了一个多小时。打电话说到楼下了，三十分钟也没上来，爬楼梯也十几分钟到了吧，
0,就那么几步路远等了一个小时！！菜还咸的要命真是醉了，再也不想来了
0,我点的渝川番茄米线，口味一般，没有期望那么好。为了错开用餐高峰期，11点01分下的单，结果一个小时后没有到。一直催了N次单，店员总说送出来了。从小渝府到北科一共5分的路程，加上做的时间，送其他人餐的时间，怎么算也用不了三个半小时。不得不想点了餐，是不是去种菜种大米了！好好的生意也是会做黄的！经过几次交涉，餐送到。口味还一般，真不知道为什么小渝府有名的米线是怎么来的？刷的吗？这个样子，也就吃这一次了。
0,面油有点大，汤洒了，送餐态度不咋滴
0,蒸蛋分量大
0,比约定时间晚了整整40分钟！问送餐员怎么晚那么久，居然说饭你要不要吧？！真么见过这样的，还没一点歉意。百度客服也就那么回事，形同虚设！
0,土豆有些硬，或许土豆比较陈
0,"菜里有花椒,，而且又吃到,塑料线了。。。。。。。。"
0,送餐速度真慢，送来的都是凉的，让人怎么吃
0,送来的太晚
0,鸡汤很是失望掺了一半的水。订歺后2个小时以后才到，让我的面泡糊了，吃了想吐。
0,过节送餐人手紧，可以理解
0,菜超级少！！
0,从下单，到配送，前后两个小时，多次打电话催，等了一个小时先是说送餐的人车坏了，回去换车，过了半个小时再催，又说换了个人送餐。又等半个小时，还没有送到，饿得不行了，就自己出去吃饭。两个小时才收到送餐员电话，结果告诉我他的地方还没对。本来是加班，想说订餐可以节约时间，结果可好，气死了，再说，饭菜做好了，即使两个小时送到了，还能吃吗？
0,鱼块味道一般，小咸菜味道不错，米饭有点多
0,"汤倒了,味道不错"
0,米线都碎了！一股搜了的味道！！！怎么吃？
0,不会再点第三次了！！！
0,1送餐时间非常不准，不管是提前送还是迟送，2西红柿鸡蛋太咸，打死卖盐的了，3买炸酱面也不送汤了
0,点这家三次了，每次都把东西洒出来，让人怎么吃呢！
0,都没送怎么就叫订单完成了？
0,过了一个钟头，还是没送到
0,能不能到了再打电话，害的我非得在楼下等半天
0,"不错,量多。能吃饱"
0,"淡,只有咸味,前后差一两分钟定餐缺隔了半小时送了两次,还少带过来两根火腿,不过又给顺路退了一次钱还好"
0,经常吃，味觉无法识别了！
0,真心垃圾，今天中午又在这叫个外卖，等了一个多小时也没来，打电话想取消还不接，催单都催好几遍，一个多小时了你们是去种菜了吗？
0,乌鸡汤一块鸡肉都木有！！！！！
0,3份饭，一双筷子都没有。
0,10点半下的11点半的单子，13点05才送到。。。
0,辣死了，吃完整个人都不好了。。。
0,叫了好多次你家的，这次送餐的态度特别差
0,比预期送餐时间晚一个多小时
0,不要了还显示送达？
0,非常难吃，鉴定完毕，不再从此家订餐了、
0,"都没有送到,还让我评价18:40订的,20点都没有看到饭~~~"
0,无论是外卖还是实体店，一直在支持小渝府，但又被无故取消订单了，还因此错过订餐的合适时间。作为老顾客很不开心。
0,"没送烤肠和卤蛋,餐厅电话打不通"
0,"口味不错，就是,时间有点久了，粉有点碎了，还有原来是一个卤蛋啊，我以为是两个！"
0,"还行,就是一个多小时才送达"
0,此单根本没有送达，打电话过去说没有做，都快两小时了，你告诉我没有做？垃圾垃圾。百度竟然还确认送到了，岂止是垃圾，简直就是垃圾
0,面送来都成一团了。。。
0,比较多，女孩子吃不完
0,可惜一直给的五星好评了。送外卖的伙计居然说以后不给我送了。理由是我们楼只有我一个叫餐的
0,送餐时间平均为一个半小时，等两个小时纯属正常，各位可以试试
0,去你妈的，什么几把玩意，气死我了
0,太慢了，不过挺好吃，还有就是我拿错别人的了，亏了我5毛钱
0,我的卤蛋没给。已经不是第一次少给东西了
0,下单确认后一刻钟才被告知没法做，我也没辙了…
0,太坑爹了。订完了一直是确认单。但是一直不给我送。二点了我同事去店里给我取说是卖没了。卖没了为什么不及时联系我。而且我的状态也还是确认状态。小俞府你已经坑爹两次了
0,生生把中午饭送到了下午，将近2个小时，而且不止一两次，每次给机会，每次都如此，走路过去不到十分钟的事！等电梯的2分钟都要打电话催，一碗汤不如叫一口汤好了。差评，以后再也不订了。
0,"送餐送的特别特别慢，并且店家电话也打不通、,真是等到抓狂。慢的要死，米线味道还不错，量也足。就是送餐太太太太太太慢、、"
0,送到的和预定是驴头不对马嘴
0,蜗牛的速度
0,已经第三次给我漏单了，无语
0,单子打错了，少送了。
0,还是很慢，每次都很慢
0,菜还是不错的，就是实在是太慢！！十一点半点的，等到一点才送！！而且明明点了烤肠也没送
0,味道一般，送的太晚
0,根本就没给我送到，让我等一下午。
0,太久了！河粉汤全都被吸收了！坨了呢！不开心=_=
0,好慢啊，等死我了
0,梅干菜扣肉和豆腐丝小菜都特别的咸特别的咸，齁咸，建议少放点盐，梅干菜扣肉如果能带出点甜味也许会中和下齁咸的感觉。相较而言，米饭做的不错，就是量太大，满满一盒饭可以搭配三份菜了。
0,11点下的单，到了下午一点半还没送，两个半小时就算走路也走到了吧，打电话催了3次还不给送，还各种找借口。建议大家不要点他家的外卖，巨坑爹！！！
0,第一次给差评，错开高峰期点餐还送这么慢。可乐直接放在装菜的格子里，可乐瓶上全是油，菜也弄脏了没法吃，饭菜也是凉的。无语，真想退了。
0,我现在修改一下。就在下午6点8分，我接到了小鱼府客服的电话，她通知我因为今天已经下过一次单了，所以无法再次享受减免活动。在我做出取消订单的决定之后，她说了一句，好，那你今天别吃饭了。我几乎很少给差评。但是这件事不好意思，接下来我要向百度投诉。请小鱼府注意查收
0,比预计送餐时间晚了40分钟，餐食也凉了，吃的不舒服。关键是师傅送的第一单地址离我这儿很近只有几百米，但是他选择无视，直接略过，在望京兜了一大圈直到我和客服联系催餐之后才送来。知道中午订单多，送餐师傅辛苦。但是合理规划路径很重要啊！！！
0,无语了，买四份豆泡来了只有一份，沟通之后就没消息了
0,辣得不正。快递催了两次。
0,点的中辣，送来的次次都是微辣，服了，难道每次都会看错么？
0,太差劲了！！！
0,朋友说今天的菜不新鲜还吃出了头发
0,什么叫小葱没有了…只给了一包，白醋也是一包，两个人根本不够好么？为何越来越小气？
0,光觉得辣了，绿豆沙也比较一般
0,"汤还可以,粉一般,上次在店里吃就觉得好像不熟,这次外卖还没在店里好吃"
0,汤，粉和菜品应该用正规的餐盒装着，担心漏出来就在外面包上保鲜膜，其他家都这么做的。
0,点的超辣，结果是不辣的，而且等了一个多小时才到。真忍了。
0,水平有限没问题，但不应该少给东西啊！俺单点的鸭肠呢？
0,"快递小哥坚持送到位，表扬一下。,螺狮粉味道太一般。"
0,11点以前就定的餐，做了1小时48分钟，呵呵，我只想说：拜拜！！！
0,"味道好一般哦,配料不丰富"
0,速度满，十一点四十下的单，一点半到的菜叶都是黄的，我也是醉了，送餐员满头大汗，我是心疼了
0,味道没店里的好。订单少送一个绿豆沙，发票的单子的价格也是错的，懒得再打电话，送了1个小时20分钟才送到，再也不吃他家外卖了
0,"太难吃,点了绿豆沙也没给我。。。坑"
0,"排骨不好吃～还都是色素～量少的可怜～58元的菜啊,只有七块排骨～一点味道没有～肉很干～坑死了！还招牌菜呢！真不怕砸了招牌！"
0,油泼面没熟，都是粘的，坨一大疙瘩了。
0,和以前的大不一样了，不怎么好吃
0,外送员很赞，商家能不能仔细看订单啊！点的干拌面送来的是汤面，说了粉汤羊血要多加辣椒送来的一点儿辣没有！！
0,"羊汤也太次了,哪有放油菜的,服了"
0,肉夹馍没送来，告诉我十分钟内送到，可是二十分钟了还没到
0,昨天订凉皮两份，什么调料都没有放，就放了点麻油，特别难吃，丢了一份，再也不想吃了
0,"凉皮太辣,吃不下都"
